student_id,subject_knowledge,clear_explanation,presentation_use,assignment_difficulty,doubt_resolution,course_structure,additional_support,course_relevance,overall_satisfaction,satisfaction_category,teaching_effectiveness,course_quality,feedback_sentiment,sentiment_polarity
340,5,2,7,6,9,2,1,8,5.0,Medium,5.333333333333333,5.333333333333333,neutral,0.0
253,6,5,8,6,2,1,2,9,4.875,Medium,4.333333333333333,5.333333333333333,neutral,0.0
680,7,7,6,5,4,2,3,1,4.375,Medium,6.0,2.6666666666666665,neutral,0.0
806,9,6,7,1,5,9,4,6,5.875,Medium,6.666666666666667,5.333333333333333,neutral,0.0
632,8,10,8,4,6,6,9,9,7.5,High,8.0,6.333333333333333,positive,0.5
832,7,2,7,8,3,5,1,4,4.625,Medium,4.0,5.666666666666667,neutral,0.0
772,9,3,5,2,10,3,8,1,5.125,Medium,7.333333333333333,2.0,neutral,0.0
961,9,8,7,4,4,3,3,10,6.0,Medium,7.0,5.666666666666667,neutral,0.0
814,6,5,8,6,4,4,7,9,6.125,High,5.0,6.333333333333333,neutral,0.0
863,5,9,4,7,9,4,4,5,5.875,Medium,7.666666666666667,5.333333333333333,neutral,0.0
576,10,3,8,6,6,3,6,9,6.375,High,6.333333333333333,6.0,neutral,0.0
702,8,4,7,1,2,1,8,8,4.875,Medium,4.666666666666667,3.3333333333333335,neutral,0.0
541,5,4,4,2,2,7,8,1,4.125,Medium,3.6666666666666665,3.3333333333333335,neutral,0.0
552,5,6,7,2,7,4,4,2,4.625,Medium,6.0,2.6666666666666665,neutral,0.0
510,6,7,8,3,4,7,7,6,6.0,Medium,5.666666666666667,5.333333333333333,neutral,0.0
159,7,7,6,6,3,9,3,1,5.25,Medium,5.666666666666667,5.333333333333333,neutral,0.0
223,9,10,4,5,7,10,10,6,7.625,High,8.666666666666666,7.0,positive,0.5
807,8,3,4,2,2,4,6,1,3.75,Medium,4.333333333333333,2.3333333333333335,negative,-0.5
525,9,9,4,3,5,5,9,2,5.75,Medium,7.666666666666667,3.3333333333333335,neutral,0.0
799,5,6,5,4,2,1,1,7,3.875,Medium,4.333333333333333,4.0,negative,-0.5
24,9,10,6,10,2,10,1,9,7.125,High,7.0,9.666666666666666,positive,0.5
509,8,2,7,5,2,3,4,4,4.375,Medium,4.0,4.0,neutral,0.0
797,9,10,4,10,9,2,10,7,7.625,High,9.333333333333334,6.333333333333333,positive,0.5
418,8,8,6,7,9,5,2,8,6.625,High,8.333333333333334,6.666666666666667,neutral,0.0
48,5,5,4,2,1,10,10,9,5.75,Medium,3.6666666666666665,7.0,neutral,0.0
657,9,5,7,3,2,8,10,6,6.25,High,5.333333333333333,5.666666666666667,neutral,0.0
864,9,8,5,2,3,9,2,8,5.75,Medium,6.666666666666667,6.333333333333333,neutral,0.0
861,5,6,4,5,4,4,6,6,5.0,Medium,5.0,5.0,neutral,0.0
118,9,10,7,7,4,6,9,1,6.625,High,7.666666666666667,4.666666666666667,neutral,0.0
387,7,3,8,1,6,8,6,8,5.875,Medium,5.333333333333333,5.666666666666667,neutral,0.0
282,5,6,7,3,8,1,1,9,5.0,Medium,6.333333333333333,4.333333333333333,neutral,0.0
503,8,6,6,3,3,6,4,10,5.75,Medium,5.666666666666667,6.333333333333333,neutral,0.0
934,5,6,4,6,10,3,4,10,6.0,Medium,7.0,6.333333333333333,neutral,0.0
781,8,3,4,5,1,8,10,5,5.5,Medium,4.0,6.0,neutral,0.0
898,10,10,4,3,5,4,2,1,4.875,Medium,8.333333333333334,2.6666666666666665,neutral,0.0
474,8,3,7,6,4,3,7,7,5.625,Medium,5.0,5.333333333333333,neutral,0.0
704,9,9,8,6,8,4,8,5,7.125,High,8.666666666666666,5.0,positive,0.5
977,9,5,4,4,6,3,1,9,5.125,Medium,6.666666666666667,5.333333333333333,neutral,0.0
454,9,6,6,1,10,8,10,7,7.125,High,8.333333333333334,5.333333333333333,positive,0.5
295,5,7,6,3,1,7,2,9,5.0,Medium,4.333333333333333,6.333333333333333,neutral,0.0
35,10,6,4,5,6,2,3,1,4.625,Medium,7.333333333333333,2.6666666666666665,neutral,0.0
304,9,9,4,6,5,1,7,2,5.375,Medium,7.666666666666667,3.0,neutral,0.0
56,6,9,6,8,9,6,2,4,6.25,High,8.0,6.0,neutral,0.0
922,8,10,7,4,5,9,3,5,6.375,High,7.666666666666667,6.0,neutral,0.0
569,10,7,6,9,2,6,2,5,5.875,Medium,6.333333333333333,6.666666666666667,neutral,0.0
186,6,4,4,4,6,9,10,10,6.625,High,5.333333333333333,7.666666666666667,neutral,0.0
258,7,2,7,2,7,2,6,10,5.375,Medium,5.333333333333333,4.666666666666667,neutral,0.0
560,8,7,8,3,8,7,4,8,6.625,High,7.666666666666667,6.0,neutral,0.0
621,10,4,5,1,5,10,1,10,5.75,Medium,6.333333333333333,7.0,neutral,0.0
568,10,7,4,6,10,8,10,8,7.875,High,9.0,7.333333333333333,positive,0.5
393,6,9,8,7,5,8,1,4,6.0,Medium,6.666666666666667,6.333333333333333,neutral,0.0
12,8,10,7,2,8,9,6,6,7.0,High,8.666666666666666,5.666666666666667,positive,0.5
798,7,2,8,7,10,5,3,5,5.875,Medium,6.333333333333333,5.666666666666667,neutral,0.0
740,8,10,7,3,2,10,10,1,6.375,High,6.666666666666667,4.666666666666667,neutral,0.0
184,10,9,8,6,4,8,8,9,7.75,High,7.666666666666667,7.666666666666667,positive,0.5
410,7,2,5,2,6,6,3,10,5.125,Medium,5.0,6.0,neutral,0.0
480,10,6,7,8,5,3,1,5,5.625,Medium,7.0,5.333333333333333,neutral,0.0
84,7,4,6,10,7,7,8,9,7.25,High,6.0,8.666666666666666,positive,0.5
89,9,9,4,5,1,2,3,9,5.25,Medium,6.333333333333333,5.333333333333333,neutral,0.0
763,6,9,6,7,6,10,2,5,6.375,High,7.0,7.333333333333333,neutral,0.0
86,7,8,6,8,3,10,2,7,6.375,High,6.0,8.333333333333334,neutral,0.0
867,6,4,6,4,2,7,5,3,4.625,Medium,4.0,4.666666666666667,neutral,0.0
248,6,6,4,6,6,6,2,3,4.875,Medium,6.0,5.0,neutral,0.0
751,7,3,8,10,2,7,2,6,5.625,Medium,4.0,7.666666666666667,neutral,0.0
522,6,9,8,10,9,5,3,6,7.0,High,8.0,7.0,positive,0.5
696,5,5,4,9,3,1,8,6,5.125,Medium,4.333333333333333,5.333333333333333,neutral,0.0
274,8,2,4,7,10,8,5,8,6.5,High,6.666666666666667,7.666666666666667,neutral,0.0
921,9,7,5,10,10,9,6,4,7.5,High,8.666666666666666,7.666666666666667,positive,0.5
957,6,2,7,8,5,9,5,4,5.75,Medium,4.333333333333333,7.0,neutral,0.0
88,9,4,4,9,9,9,7,10,7.625,High,7.333333333333333,9.333333333333334,positive,0.5
149,5,6,5,1,8,9,7,8,6.125,High,6.333333333333333,6.0,neutral,0.0
737,7,9,4,5,5,2,2,1,4.375,Medium,7.0,2.6666666666666665,neutral,0.0
891,7,2,4,9,6,9,7,9,6.625,High,5.0,9.0,neutral,0.0
1,9,6,8,7,6,5,3,10,6.75,High,7.0,7.333333333333333,neutral,0.0
868,7,9,7,2,6,2,9,4,5.75,Medium,7.333333333333333,2.6666666666666665,neutral,0.0
895,5,5,7,7,2,1,8,9,5.5,Medium,4.0,5.666666666666667,neutral,0.0
638,9,10,8,2,1,1,4,8,5.375,Medium,6.666666666666667,3.6666666666666665,neutral,0.0
707,5,6,6,5,1,9,6,9,5.875,Medium,4.0,7.666666666666667,neutral,0.0
432,9,9,6,8,2,3,2,4,5.375,Medium,6.666666666666667,5.0,neutral,0.0
988,7,4,6,7,6,9,7,1,5.875,Medium,5.666666666666667,5.666666666666667,neutral,0.0
742,7,7,8,2,1,1,8,1,4.375,Medium,5.0,1.3333333333333333,neutral,0.0
730,6,5,4,5,6,6,7,2,5.125,Medium,5.666666666666667,4.333333333333333,neutral,0.0
321,5,7,6,2,3,5,3,5,4.5,Medium,5.0,4.0,neutral,0.0
904,8,5,8,9,7,9,8,6,7.5,High,6.666666666666667,8.0,positive,0.5
171,6,10,4,6,1,6,2,3,4.75,Medium,5.666666666666667,5.0,neutral,0.0
695,10,4,4,1,5,8,7,1,5.0,Medium,6.333333333333333,3.3333333333333335,neutral,0.0
498,8,5,4,5,10,7,1,10,6.25,High,7.666666666666667,7.333333333333333,neutral,0.0
446,7,8,5,10,10,2,5,9,7.0,High,8.333333333333334,7.0,positive,0.5
982,9,10,7,5,6,6,1,5,6.125,High,8.333333333333334,5.333333333333333,neutral,0.0
981,7,6,7,5,4,6,8,3,5.75,Medium,5.666666666666667,4.666666666666667,neutral,0.0
849,6,10,6,7,7,4,10,7,7.125,High,7.666666666666667,6.0,positive,0.5
297,7,10,6,8,10,10,2,8,7.625,High,9.0,8.666666666666666,positive,0.5
713,8,6,7,5,2,7,10,8,6.625,High,5.333333333333333,6.666666666666667,neutral,0.0
192,8,4,8,6,3,5,1,5,5.0,Medium,5.0,5.333333333333333,neutral,0.0
561,9,6,4,8,6,8,3,3,5.875,Medium,7.0,6.333333333333333,neutral,0.0
364,6,6,7,9,6,4,7,6,6.375,High,6.0,6.333333333333333,neutral,0.0
40,6,7,5,6,10,5,6,3,6.0,Medium,7.666666666666667,4.666666666666667,neutral,0.0
521,5,9,4,2,1,8,3,7,4.875,Medium,5.0,5.666666666666667,neutral,0.0
201,8,2,8,9,8,8,9,4,7.0,High,6.0,7.0,positive,0.5
780,6,4,4,10,6,5,6,8,6.125,High,5.333333333333333,7.666666666666667,neutral,0.0
853,7,9,4,8,9,4,10,2,6.625,High,8.333333333333334,4.666666666666667,neutral,0.0
202,5,6,6,10,3,4,2,8,5.5,Medium,4.666666666666667,7.333333333333333,neutral,0.0
421,6,3,8,10,6,8,7,9,7.125,High,5.0,9.0,positive,0.5
671,9,8,6,10,10,7,7,8,8.125,High,9.0,8.333333333333334,positive,0.5
334,5,9,4,3,8,10,4,2,5.625,Medium,7.333333333333333,5.0,neutral,0.0
843,6,8,5,4,5,5,10,6,6.125,High,6.333333333333333,5.0,neutral,0.0
57,10,7,6,10,4,4,2,4,5.875,Medium,7.0,6.0,neutral,0.0
353,6,7,5,3,6,6,7,5,5.625,Medium,6.333333333333333,4.666666666666667,neutral,0.0
681,7,2,7,5,2,1,3,7,4.25,Medium,3.6666666666666665,4.333333333333333,neutral,0.0
394,6,3,6,10,7,4,3,3,5.25,Medium,5.333333333333333,5.666666666666667,neutral,0.0
188,7,6,8,9,9,8,9,10,8.25,High,7.333333333333333,9.0,positive,0.5
641,5,10,6,7,4,2,5,4,5.375,Medium,6.333333333333333,4.333333333333333,neutral,0.0
544,10,7,8,4,6,5,7,8,6.875,High,7.666666666666667,5.666666666666667,neutral,0.0
163,9,3,4,7,3,8,6,8,6.0,Medium,5.0,7.666666666666667,neutral,0.0
283,9,2,6,1,2,10,5,5,5.0,Medium,4.333333333333333,5.333333333333333,neutral,0.0
820,6,5,4,9,2,5,10,7,6.0,Medium,4.333333333333333,7.0,neutral,0.0
254,6,6,6,8,9,4,4,8,6.375,High,7.0,6.666666666666667,neutral,0.0
221,9,6,8,1,8,2,5,6,5.625,Medium,7.666666666666667,3.0,neutral,0.0
736,8,2,8,8,2,6,5,4,5.375,Medium,4.0,6.0,neutral,0.0
280,9,10,4,7,7,3,5,4,6.125,High,8.666666666666666,4.666666666666667,neutral,0.0
976,5,2,5,5,7,9,4,3,5.0,Medium,4.666666666666667,5.666666666666667,neutral,0.0
481,9,10,8,9,1,3,1,9,6.25,High,6.666666666666667,7.0,neutral,0.0
80,7,6,4,1,5,6,1,8,4.75,Medium,6.0,5.0,neutral,0.0
473,10,10,7,5,2,6,10,5,6.875,High,7.333333333333333,5.333333333333333,neutral,0.0
762,10,7,5,7,8,9,3,4,6.625,High,8.333333333333334,6.666666666666667,neutral,0.0
385,5,2,6,7,3,2,10,1,4.5,Medium,3.3333333333333335,3.3333333333333335,neutral,0.0
195,9,7,5,5,10,10,5,1,6.5,High,8.666666666666666,5.333333333333333,neutral,0.0
144,8,6,5,6,3,8,2,6,5.5,Medium,5.666666666666667,6.666666666666667,neutral,0.0
767,10,10,8,3,9,6,4,8,7.25,High,9.666666666666666,5.666666666666667,positive,0.5
300,6,8,4,5,5,9,5,4,5.75,Medium,6.333333333333333,6.0,neutral,0.0
580,5,2,5,8,6,5,4,9,5.5,Medium,4.333333333333333,7.333333333333333,neutral,0.0
216,5,9,8,2,4,8,9,10,6.875,High,6.0,6.666666666666667,neutral,0.0
583,9,3,4,6,5,3,8,7,5.625,Medium,5.666666666666667,5.333333333333333,neutral,0.0
881,7,9,5,9,4,5,4,8,6.375,High,6.666666666666667,7.333333333333333,neutral,0.0
488,8,8,6,9,7,4,6,1,6.125,High,7.666666666666667,4.666666666666667,neutral,0.0
892,5,8,8,9,6,9,10,6,7.625,High,6.333333333333333,8.0,positive,0.5
152,7,2,5,1,5,10,5,6,5.125,Medium,4.666666666666667,5.666666666666667,neutral,0.0
925,7,10,6,7,9,10,1,3,6.625,High,8.666666666666666,6.666666666666667,neutral,0.0
729,9,9,8,7,5,4,5,5,6.5,High,7.666666666666667,5.333333333333333,neutral,0.0
647,5,5,8,8,9,6,9,8,7.25,High,6.333333333333333,7.333333333333333,positive,0.5
686,8,6,5,5,2,6,5,8,5.625,Medium,5.333333333333333,6.333333333333333,neutral,0.0
93,9,10,6,4,9,6,7,8,7.375,High,9.333333333333334,6.0,positive,0.5
485,8,4,7,1,4,7,1,4,4.5,Medium,5.333333333333333,4.0,neutral,0.0
59,5,8,5,6,10,3,4,10,6.375,High,7.666666666666667,6.333333333333333,neutral,0.0
907,10,4,7,6,1,2,5,1,4.5,Medium,5.0,3.0,neutral,0.0
158,10,6,5,6,2,10,3,8,6.25,High,6.0,8.0,neutral,0.0
955,10,4,4,1,10,1,10,10,6.25,High,8.0,4.0,neutral,0.0
758,8,3,7,7,9,6,7,5,6.5,High,6.666666666666667,6.0,neutral,0.0
605,6,4,4,4,7,5,5,2,4.625,Medium,5.666666666666667,3.6666666666666665,neutral,0.0
475,10,6,4,9,3,1,6,7,5.75,Medium,6.333333333333333,5.666666666666667,neutral,0.0
154,9,7,4,8,2,6,3,9,6.0,Medium,6.0,7.666666666666667,neutral,0.0
79,6,4,6,6,6,4,9,10,6.375,High,5.333333333333333,6.666666666666667,neutral,0.0
36,10,6,5,2,1,9,9,6,6.0,Medium,5.666666666666667,5.666666666666667,neutral,0.0
562,6,3,6,7,8,7,4,1,5.25,Medium,5.666666666666667,5.0,neutral,0.0
231,10,7,8,1,3,3,3,3,4.75,Medium,6.666666666666667,2.3333333333333335,neutral,0.0
869,8,7,6,2,9,4,1,7,5.5,Medium,8.0,4.333333333333333,neutral,0.0
608,7,4,6,5,4,7,8,7,6.0,Medium,5.0,6.333333333333333,neutral,0.0
846,10,7,7,4,7,10,7,1,6.625,High,8.0,5.0,neutral,0.0
542,10,4,7,7,2,2,5,9,5.75,Medium,5.333333333333333,6.0,neutral,0.0
941,9,3,7,2,9,7,3,1,5.125,Medium,7.0,3.3333333333333335,neutral,0.0
919,10,2,8,5,6,3,8,5,5.875,Medium,6.0,4.333333333333333,neutral,0.0
352,6,2,6,3,5,3,8,6,4.875,Medium,4.333333333333333,4.0,neutral,0.0
839,9,2,5,10,4,4,9,1,5.5,Medium,5.0,5.0,neutral,0.0
266,8,8,5,6,6,8,2,2,5.625,Medium,7.333333333333333,5.333333333333333,neutral,0.0
298,8,4,8,9,7,1,7,3,5.875,Medium,6.333333333333333,4.333333333333333,neutral,0.0
929,10,2,6,1,1,9,9,7,5.625,Medium,4.333333333333333,5.666666666666667,neutral,0.0
574,6,4,8,5,9,5,7,10,6.75,High,6.333333333333333,6.666666666666667,neutral,0.0
250,5,7,7,3,1,6,3,1,4.125,Medium,4.333333333333333,3.3333333333333335,neutral,0.0
616,9,8,6,9,6,3,5,8,6.75,High,7.666666666666667,6.666666666666667,neutral,0.0
164,8,5,7,10,8,9,10,1,7.25,High,7.0,6.666666666666667,positive,0.5
827,6,3,4,9,7,8,7,6,6.25,High,5.333333333333333,7.666666666666667,neutral,0.0
228,7,6,6,1,6,6,6,9,5.875,Medium,6.333333333333333,5.333333333333333,neutral,0.0
787,10,10,5,10,1,9,3,8,7.0,High,7.0,9.0,positive,0.5
317,8,8,4,1,10,10,9,1,6.375,High,8.666666666666666,4.0,neutral,0.0
110,9,6,4,1,4,7,9,5,5.625,Medium,6.333333333333333,4.333333333333333,neutral,0.0
165,6,2,6,2,2,10,2,2,4.0,Medium,3.3333333333333335,4.666666666666667,neutral,0.0
701,5,9,7,1,9,9,1,9,6.25,High,7.666666666666667,6.333333333333333,neutral,0.0
362,7,9,6,7,4,8,1,2,5.5,Medium,6.666666666666667,5.666666666666667,neutral,0.0
890,8,7,5,3,9,1,4,5,5.25,Medium,8.0,3.0,neutral,0.0
728,10,9,4,8,5,2,3,10,6.375,High,8.0,6.666666666666667,neutral,0.0
466,9,8,5,5,6,2,10,4,6.125,High,7.666666666666667,3.6666666666666665,neutral,0.0
709,9,3,6,4,4,8,10,1,5.625,Medium,5.333333333333333,4.333333333333333,neutral,0.0
482,10,3,4,3,10,1,8,5,5.5,Medium,7.666666666666667,3.0,neutral,0.0
406,9,10,6,1,6,1,9,2,5.5,Medium,8.333333333333334,1.3333333333333333,neutral,0.0
66,8,5,8,7,6,1,9,9,6.625,High,6.333333333333333,5.666666666666667,neutral,0.0
862,6,5,6,5,7,2,10,8,6.125,High,6.0,5.0,neutral,0.0
61,9,8,6,5,3,10,6,6,6.625,High,6.666666666666667,7.0,neutral,0.0
111,7,9,7,1,10,10,3,10,7.125,High,8.666666666666666,7.0,positive,0.5
147,6,8,4,6,9,6,8,7,6.75,High,7.666666666666667,6.333333333333333,neutral,0.0
211,7,4,4,3,7,8,7,10,6.25,High,6.0,7.0,neutral,0.0
996,6,5,6,10,8,7,8,4,6.75,High,6.333333333333333,7.0,neutral,0.0
459,8,5,8,6,6,1,8,4,5.75,Medium,6.333333333333333,3.6666666666666665,neutral,0.0
81,5,5,6,5,7,3,9,5,5.625,Medium,5.666666666666667,4.333333333333333,neutral,0.0
288,5,9,6,9,4,4,2,6,5.625,Medium,6.0,6.333333333333333,neutral,0.0
6,7,10,8,3,3,4,1,2,4.75,Medium,6.666666666666667,3.0,neutral,0.0
547,6,6,8,5,1,2,2,8,4.75,Medium,4.333333333333333,5.0,neutral,0.0
30,6,2,7,5,1,10,9,10,6.25,High,3.0,8.333333333333334,neutral,0.0
445,9,4,4,2,4,8,1,6,4.75,Medium,5.666666666666667,5.333333333333333,neutral,0.0
591,6,9,8,5,10,6,2,10,7.0,High,8.333333333333334,7.0,positive,0.5
770,10,10,5,7,10,7,7,10,8.25,High,10.0,8.0,positive,0.5
484,9,6,8,10,3,2,8,4,6.25,High,6.0,5.333333333333333,neutral,0.0
180,8,4,4,1,6,9,6,1,4.875,Medium,6.0,3.6666666666666665,neutral,0.0
946,5,5,5,6,1,3,10,5,5.0,Medium,3.6666666666666665,4.666666666666667,neutral,0.0
901,9,8,6,1,2,9,8,2,5.625,Medium,6.333333333333333,4.0,neutral,0.0
517,10,5,7,7,5,10,6,5,6.875,High,6.666666666666667,7.333333333333333,neutral,0.0
545,9,4,8,1,8,6,2,4,5.25,Medium,7.0,3.6666666666666665,neutral,0.0
918,8,3,8,9,9,1,6,1,5.625,Medium,6.666666666666667,3.6666666666666665,neutral,0.0
652,8,3,4,8,3,2,2,3,4.125,Medium,4.666666666666667,4.333333333333333,neutral,0.0
471,10,10,4,8,2,2,4,7,5.875,Medium,7.333333333333333,5.666666666666667,neutral,0.0
323,6,8,7,5,4,1,9,3,5.375,Medium,6.0,3.0,neutral,0.0
276,8,5,7,9,1,10,1,2,5.375,Medium,4.666666666666667,7.0,neutral,0.0
672,7,8,5,6,5,10,5,10,7.0,High,6.666666666666667,8.666666666666666,positive,0.5
337,10,7,6,8,9,5,1,1,5.875,Medium,8.666666666666666,4.666666666666667,neutral,0.0
468,7,7,8,4,2,1,5,10,5.5,Medium,5.333333333333333,5.0,neutral,0.0
380,8,8,4,8,2,4,9,2,5.625,Medium,6.0,4.666666666666667,neutral,0.0
755,9,8,7,2,9,6,3,7,6.375,High,8.666666666666666,5.0,neutral,0.0
267,8,9,4,4,8,4,8,1,5.75,Medium,8.333333333333334,3.0,neutral,0.0
598,9,3,4,9,3,4,5,1,4.75,Medium,5.0,4.666666666666667,neutral,0.0
128,6,2,6,1,9,3,9,2,4.75,Medium,5.666666666666667,2.0,neutral,0.0
444,8,2,6,10,7,2,4,8,5.875,Medium,5.666666666666667,6.666666666666667,neutral,0.0
572,6,5,4,4,8,6,8,9,6.25,High,6.333333333333333,6.333333333333333,neutral,0.0
319,8,3,6,6,7,10,8,4,6.5,High,6.0,6.666666666666667,neutral,0.0
390,8,6,7,5,1,4,3,9,5.375,Medium,5.0,6.0,neutral,0.0
176,10,2,6,7,4,10,1,3,5.375,Medium,5.333333333333333,6.666666666666667,neutral,0.0
883,7,4,4,2,8,6,7,4,5.25,Medium,6.333333333333333,4.0,neutral,0.0
831,5,2,8,3,5,10,7,7,5.875,Medium,4.0,6.666666666666667,neutral,0.0
220,10,5,8,7,9,7,2,7,6.875,High,8.0,7.0,neutral,0.0
17,7,6,5,3,9,5,5,2,5.25,Medium,7.333333333333333,3.3333333333333335,neutral,0.0
938,10,10,6,5,2,9,9,9,7.5,High,7.333333333333333,7.666666666666667,positive,0.5
651,8,7,6,3,9,10,6,1,6.25,High,8.0,4.666666666666667,neutral,0.0
953,5,10,8,10,6,4,6,4,6.625,High,7.0,6.0,neutral,0.0
902,5,8,6,10,4,5,5,9,6.5,High,5.666666666666667,8.0,neutral,0.0
167,7,7,5,8,6,9,9,8,7.375,High,6.666666666666667,8.333333333333334,positive,0.5
669,9,3,4,5,2,2,1,6,4.0,Medium,4.666666666666667,4.333333333333333,neutral,0.0
859,8,3,5,9,10,3,1,6,5.625,Medium,7.0,6.0,neutral,0.0
120,8,4,7,5,4,4,10,6,6.0,Medium,5.333333333333333,5.0,neutral,0.0
293,10,4,7,1,6,7,7,4,5.75,Medium,6.666666666666667,4.0,neutral,0.0
789,10,2,8,7,9,8,1,4,6.125,High,7.0,6.333333333333333,neutral,0.0
182,5,2,7,2,3,6,1,9,4.375,Medium,3.3333333333333335,5.666666666666667,neutral,0.0
369,10,5,4,4,3,7,4,10,5.875,Medium,6.0,7.0,neutral,0.0
207,6,8,6,7,9,7,2,5,6.25,High,7.666666666666667,6.333333333333333,neutral,0.0
842,10,7,5,3,3,6,4,6,5.5,Medium,6.666666666666667,5.0,neutral,0.0
38,5,8,7,6,10,8,9,5,7.25,High,7.666666666666667,6.333333333333333,positive,0.5
495,5,4,7,9,6,10,5,9,6.875,High,5.0,9.333333333333334,neutral,0.0
942,10,6,8,3,7,8,4,5,6.375,High,7.666666666666667,5.333333333333333,neutral,0.0
752,10,7,4,4,4,9,10,7,6.875,High,7.0,6.666666666666667,neutral,0.0
940,7,3,6,9,10,8,3,5,6.375,High,6.666666666666667,7.333333333333333,neutral,0.0
648,5,7,7,9,6,3,10,3,6.25,High,6.0,5.0,neutral,0.0
125,6,2,4,5,9,7,7,7,5.875,Medium,5.666666666666667,6.333333333333333,neutral,0.0
516,10,2,8,9,2,3,3,1,4.75,Medium,4.666666666666667,4.333333333333333,neutral,0.0
963,9,6,4,5,3,3,6,6,5.25,Medium,6.0,4.666666666666667,neutral,0.0
215,5,6,6,2,1,9,5,8,5.25,Medium,4.0,6.333333333333333,neutral,0.0
823,7,5,8,3,4,3,1,10,5.125,Medium,5.333333333333333,5.333333333333333,neutral,0.0
840,5,7,5,6,9,9,10,6,7.125,High,7.0,7.0,positive,0.5
429,8,3,5,1,8,1,8,9,5.375,Medium,6.333333333333333,3.6666666666666665,neutral,0.0
109,6,3,5,6,1,6,6,10,5.375,Medium,3.3333333333333335,7.333333333333333,neutral,0.0
795,6,9,8,4,2,6,10,6,6.375,High,5.666666666666667,5.333333333333333,neutral,0.0
760,9,4,4,3,8,5,10,1,5.5,Medium,7.0,3.0,neutral,0.0
536,10,10,4,7,8,7,6,2,6.75,High,9.333333333333334,5.333333333333333,neutral,0.0
888,6,6,5,2,3,6,6,3,4.625,Medium,5.0,3.6666666666666665,neutral,0.0
719,10,10,8,7,6,10,6,4,7.625,High,8.666666666666666,7.0,positive,0.5
654,6,4,4,9,5,8,8,2,5.75,Medium,5.0,6.333333333333333,neutral,0.0
947,7,3,8,1,5,9,7,2,5.25,Medium,5.0,4.0,neutral,0.0
403,5,7,6,6,5,6,4,6,5.625,Medium,5.666666666666667,6.0,neutral,0.0
124,9,9,7,9,1,9,4,3,6.375,High,6.333333333333333,7.0,neutral,0.0
548,9,8,6,7,1,2,7,6,5.75,Medium,6.0,5.0,neutral,0.0
880,7,3,6,3,5,3,3,10,5.0,Medium,5.0,5.333333333333333,neutral,0.0
939,10,10,7,4,1,2,3,9,5.75,Medium,7.0,5.0,neutral,0.0
166,6,10,4,4,4,8,4,6,5.75,Medium,6.666666666666667,6.0,neutral,0.0
885,5,6,7,7,2,2,5,7,5.125,Medium,4.333333333333333,5.333333333333333,neutral,0.0
112,7,9,6,9,1,7,1,2,5.25,Medium,5.666666666666667,6.0,neutral,0.0
811,8,8,8,6,1,4,9,1,5.625,Medium,5.666666666666667,3.6666666666666665,neutral,0.0
213,10,8,4,10,1,5,6,2,5.75,Medium,6.333333333333333,5.666666666666667,neutral,0.0
375,10,4,4,1,3,4,7,9,5.25,Medium,5.666666666666667,4.666666666666667,neutral,0.0
897,6,7,4,1,9,8,8,7,6.25,High,7.333333333333333,5.333333333333333,neutral,0.0
460,7,8,5,6,7,7,6,7,6.625,High,7.333333333333333,6.666666666666667,neutral,0.0
416,6,2,5,8,9,6,3,7,5.75,Medium,5.666666666666667,7.0,neutral,0.0
571,8,9,7,3,1,8,9,7,6.5,High,6.0,6.0,neutral,0.0
744,8,5,7,3,10,4,6,7,6.25,High,7.666666666666667,4.666666666666667,neutral,0.0
378,9,8,7,2,4,7,2,6,5.625,Medium,7.0,5.0,neutral,0.0
121,5,9,5,2,4,5,6,6,5.25,Medium,6.0,4.333333333333333,neutral,0.0
462,10,4,8,5,4,6,4,7,6.0,Medium,6.0,6.0,neutral,0.0
777,8,6,4,6,4,7,10,1,5.75,Medium,6.0,4.666666666666667,neutral,0.0
845,5,10,6,8,4,4,4,5,5.75,Medium,6.333333333333333,5.666666666666667,neutral,0.0
533,6,10,5,7,2,5,10,10,6.875,High,6.0,7.333333333333333,neutral,0.0
450,5,2,6,2,4,5,1,4,3.625,Medium,3.6666666666666665,3.6666666666666665,negative,-0.5
717,6,2,4,6,6,2,6,9,5.125,Medium,4.666666666666667,5.666666666666667,neutral,0.0
469,10,8,6,1,3,5,8,10,6.375,High,7.0,5.333333333333333,neutral,0.0
670,7,7,8,1,6,1,2,1,4.125,Medium,6.666666666666667,1.0,neutral,0.0
137,8,2,5,2,4,9,7,8,5.625,Medium,4.666666666666667,6.333333333333333,neutral,0.0
801,10,7,4,3,6,1,10,4,5.625,Medium,7.666666666666667,2.6666666666666665,neutral,0.0
315,5,10,5,10,8,4,8,4,6.75,High,7.666666666666667,6.0,neutral,0.0
153,7,7,5,3,8,9,8,9,7.0,High,7.333333333333333,7.0,positive,0.5
190,8,6,7,5,6,4,3,8,5.875,Medium,6.666666666666667,5.666666666666667,neutral,0.0
22,7,9,4,1,2,8,10,4,5.625,Medium,6.0,4.333333333333333,neutral,0.0
949,9,8,7,1,7,6,9,4,6.375,High,8.0,3.6666666666666665,neutral,0.0
523,10,2,6,9,7,5,10,9,7.25,High,6.333333333333333,7.666666666666667,positive,0.5
527,5,6,5,2,8,6,9,8,6.125,High,6.333333333333333,5.333333333333333,neutral,0.0
461,7,10,7,6,6,8,4,9,7.125,High,7.666666666666667,7.666666666666667,positive,0.5
244,5,8,4,9,3,10,1,3,5.375,Medium,5.333333333333333,7.333333333333333,neutral,0.0
363,9,3,8,10,2,7,5,1,5.625,Medium,4.666666666666667,6.0,neutral,0.0
610,8,10,6,8,2,1,5,1,5.125,Medium,6.666666666666667,3.3333333333333335,neutral,0.0
381,9,2,8,8,1,9,1,2,5.0,Medium,4.0,6.333333333333333,neutral,0.0
954,8,8,6,3,9,5,7,2,6.0,Medium,8.333333333333334,3.3333333333333335,neutral,0.0
604,10,9,8,9,4,8,7,9,8.0,High,7.666666666666667,8.666666666666666,positive,0.5
414,10,6,4,8,2,9,9,3,6.375,High,6.0,6.666666666666667,neutral,0.0
151,8,7,5,10,8,3,8,6,6.875,High,7.666666666666667,6.333333333333333,neutral,0.0
721,6,9,4,1,4,10,10,9,6.625,High,6.333333333333333,6.666666666666667,neutral,0.0
664,10,8,7,4,8,2,1,10,6.25,High,8.666666666666666,5.333333333333333,neutral,0.0
956,7,2,6,5,2,3,8,7,5.0,Medium,3.6666666666666665,5.0,neutral,0.0
747,5,3,5,6,5,10,3,6,5.375,Medium,4.333333333333333,7.333333333333333,neutral,0.0
438,9,6,5,9,2,3,9,3,5.75,Medium,5.666666666666667,5.0,neutral,0.0
975,5,10,4,8,7,6,8,3,6.375,High,7.333333333333333,5.666666666666667,neutral,0.0
277,5,6,8,7,2,7,1,10,5.75,Medium,4.333333333333333,8.0,neutral,0.0
312,7,2,7,6,6,3,7,2,5.0,Medium,5.0,3.6666666666666665,neutral,0.0
565,10,9,7,10,4,8,5,4,7.125,High,7.666666666666667,7.333333333333333,positive,0.5
739,8,7,5,10,1,1,8,1,5.125,Medium,5.333333333333333,4.0,neutral,0.0
584,8,8,5,8,6,6,9,4,6.75,High,7.333333333333333,6.0,neutral,0.0
894,6,3,5,4,7,1,5,5,4.5,Medium,5.333333333333333,3.3333333333333335,neutral,0.0
270,9,10,5,9,6,4,7,7,7.125,High,8.333333333333334,6.666666666666667,positive,0.5
966,7,4,5,3,1,8,10,2,5.0,Medium,4.0,4.333333333333333,neutral,0.0
489,7,2,5,8,1,1,8,8,5.0,Medium,3.3333333333333335,5.666666666666667,neutral,0.0
665,6,3,4,2,8,5,8,5,5.125,Medium,5.666666666666667,4.0,neutral,0.0
71,9,10,8,4,9,3,8,2,6.625,High,9.333333333333334,3.0,neutral,0.0
603,7,2,7,1,7,7,1,7,4.875,Medium,5.333333333333333,5.0,neutral,0.0
196,8,10,8,10,6,7,7,7,7.875,High,8.0,8.0,positive,0.5
804,9,3,7,6,10,7,9,7,7.25,High,7.333333333333333,6.666666666666667,positive,0.5
837,5,10,4,1,4,8,9,1,5.25,Medium,6.333333333333333,3.3333333333333335,neutral,0.0
530,6,5,4,9,1,2,3,6,4.5,Medium,4.0,5.666666666666667,neutral,0.0
720,6,6,6,9,10,4,6,7,6.75,High,7.333333333333333,6.666666666666667,neutral,0.0
272,5,4,6,4,4,7,7,9,5.75,Medium,4.333333333333333,6.666666666666667,neutral,0.0
984,5,10,6,4,2,10,4,6,5.875,Medium,5.666666666666667,6.666666666666667,neutral,0.0
185,10,3,8,4,1,10,7,9,6.5,High,4.666666666666667,7.666666666666667,neutral,0.0
487,6,6,4,2,10,10,1,9,6.0,Medium,7.333333333333333,7.0,neutral,0.0
75,8,9,8,6,2,7,9,10,7.375,High,6.333333333333333,7.666666666666667,positive,0.5
718,6,3,6,7,6,6,2,6,5.25,Medium,5.0,6.333333333333333,neutral,0.0
496,10,7,4,6,10,5,3,6,6.375,High,9.0,5.666666666666667,neutral,0.0
630,5,5,4,8,3,6,6,8,5.625,Medium,4.333333333333333,7.333333333333333,neutral,0.0
637,8,10,5,6,10,8,2,2,6.375,High,9.333333333333334,5.333333333333333,neutral,0.0
360,9,9,8,2,3,1,8,6,5.75,Medium,7.0,3.0,neutral,0.0
183,6,7,5,5,4,7,1,9,5.5,Medium,5.666666666666667,7.0,neutral,0.0
689,10,8,7,8,1,9,5,10,7.25,High,6.333333333333333,9.0,positive,0.5
236,6,9,6,4,1,2,8,4,5.0,Medium,5.333333333333333,3.3333333333333335,neutral,0.0
768,6,6,6,3,5,9,8,3,5.75,Medium,5.666666666666667,5.0,neutral,0.0
316,7,2,7,8,6,4,2,9,5.625,Medium,5.0,7.0,neutral,0.0
396,6,10,4,6,1,2,4,10,5.375,Medium,5.666666666666667,6.0,neutral,0.0
212,6,4,4,6,5,10,10,2,5.875,Medium,5.0,6.0,neutral,0.0
830,9,7,7,10,7,8,6,4,7.25,High,7.666666666666667,7.333333333333333,positive,0.5
209,9,8,5,3,3,10,7,2,5.875,Medium,6.666666666666667,5.0,neutral,0.0
62,7,4,4,5,3,10,2,1,4.5,Medium,4.666666666666667,5.333333333333333,neutral,0.0
447,8,7,7,1,4,7,10,9,6.625,High,6.333333333333333,5.666666666666667,neutral,0.0
100,6,6,6,10,7,5,7,8,6.875,High,6.333333333333333,7.666666666666667,neutral,0.0
305,10,8,8,4,6,3,10,4,6.625,High,8.0,3.6666666666666665,neutral,0.0
494,10,6,6,6,4,10,2,9,6.625,High,6.666666666666667,8.333333333333334,neutral,0.0
328,10,6,5,4,6,10,8,2,6.375,High,7.333333333333333,5.333333333333333,neutral,0.0
854,8,2,8,4,6,2,4,7,5.125,Medium,5.333333333333333,4.333333333333333,neutral,0.0
866,5,10,4,8,3,7,4,5,5.75,Medium,6.0,6.666666666666667,neutral,0.0
943,8,9,7,10,6,7,7,6,7.5,High,7.666666666666667,7.666666666666667,positive,0.5
734,9,8,5,3,10,1,8,3,5.875,Medium,9.0,2.3333333333333335,neutral,0.0
189,9,3,6,2,3,8,10,7,6.0,Medium,5.0,5.666666666666667,neutral,0.0
404,10,5,7,8,1,5,10,4,6.25,High,5.333333333333333,5.666666666666667,neutral,0.0
518,7,4,8,5,7,9,2,6,6.0,Medium,6.0,6.666666666666667,neutral,0.0
856,6,9,4,6,8,8,3,8,6.5,High,7.666666666666667,7.333333333333333,neutral,0.0
70,9,2,5,8,10,9,7,6,7.0,High,7.0,7.666666666666667,positive,0.5
457,7,4,8,2,3,6,8,4,5.25,Medium,4.666666666666667,4.0,neutral,0.0
148,5,4,4,4,8,10,5,5,5.625,Medium,5.666666666666667,6.333333333333333,neutral,0.0
958,10,10,5,8,5,10,7,8,7.875,High,8.333333333333334,8.666666666666666,positive,0.5
356,7,3,7,6,4,2,1,10,5.0,Medium,4.666666666666667,6.0,neutral,0.0
793,10,9,6,4,7,6,8,3,6.625,High,8.666666666666666,4.333333333333333,neutral,0.0
771,8,7,6,4,8,7,3,2,5.625,Medium,7.666666666666667,4.333333333333333,neutral,0.0
452,5,6,7,9,7,8,6,1,6.125,High,6.0,6.0,neutral,0.0
72,8,7,7,3,4,1,4,7,5.125,Medium,6.333333333333333,3.6666666666666665,neutral,0.0
710,7,2,6,5,7,7,6,10,6.25,High,5.333333333333333,7.333333333333333,neutral,0.0
980,6,3,7,1,5,4,9,4,4.875,Medium,4.666666666666667,3.0,neutral,0.0
145,6,8,4,6,1,3,2,7,4.625,Medium,5.0,5.333333333333333,neutral,0.0
960,6,9,6,1,3,3,5,8,5.125,Medium,6.0,4.0,neutral,0.0
660,5,7,7,3,10,3,3,4,5.25,Medium,7.333333333333333,3.3333333333333335,neutral,0.0
987,9,10,7,8,7,3,8,7,7.375,High,8.666666666666666,6.0,positive,0.5
534,9,5,7,5,2,6,10,8,6.5,High,5.333333333333333,6.333333333333333,neutral,0.0
858,9,5,5,3,2,2,7,7,5.0,Medium,5.333333333333333,4.0,neutral,0.0
324,10,5,5,2,2,5,7,6,5.25,Medium,5.666666666666667,4.333333333333333,neutral,0.0
884,7,4,7,10,5,1,7,4,5.625,Medium,5.333333333333333,5.0,neutral,0.0
611,8,9,5,3,9,5,8,3,6.25,High,8.666666666666666,3.6666666666666665,neutral,0.0
136,8,6,7,10,9,9,2,3,6.75,High,7.666666666666667,7.333333333333333,neutral,0.0
705,9,3,6,3,3,5,1,2,4.0,Medium,5.0,3.3333333333333335,neutral,0.0
991,7,4,5,8,9,8,5,1,5.875,Medium,6.666666666666667,5.666666666666667,neutral,0.0
676,9,8,5,7,4,10,2,6,6.375,High,7.0,7.666666666666667,neutral,0.0
769,9,8,8,8,1,1,8,5,6.0,Medium,6.0,4.666666666666667,neutral,0.0
246,7,10,8,8,4,10,3,8,7.25,High,7.0,8.666666666666666,positive,0.5
644,9,6,8,2,7,6,4,6,6.0,Medium,7.333333333333333,4.666666666666667,neutral,0.0
263,7,9,4,7,9,8,10,7,7.625,High,8.333333333333334,7.333333333333333,positive,0.5
476,9,4,6,4,8,6,4,10,6.375,High,7.0,6.666666666666667,neutral,0.0
697,7,7,6,1,8,10,5,2,5.75,Medium,7.333333333333333,4.333333333333333,neutral,0.0
95,7,2,5,5,9,6,8,3,5.625,Medium,6.0,4.666666666666667,neutral,0.0
688,8,6,7,5,6,1,4,10,5.875,Medium,6.666666666666667,5.333333333333333,neutral,0.0
633,8,2,4,7,4,6,7,4,5.25,Medium,4.666666666666667,5.666666666666667,neutral,0.0
241,8,3,8,8,10,1,8,6,6.5,High,7.0,5.0,neutral,0.0
524,9,8,4,6,10,1,9,10,7.125,High,9.0,5.666666666666667,positive,0.5
504,9,4,5,6,6,1,7,10,6.0,Medium,6.333333333333333,5.666666666666667,neutral,0.0
417,9,6,7,9,5,1,7,2,5.75,Medium,6.666666666666667,4.0,neutral,0.0
554,6,6,8,2,4,6,4,10,5.75,Medium,5.333333333333333,6.0,neutral,0.0
656,6,2,7,2,5,6,9,9,5.75,Medium,4.333333333333333,5.666666666666667,neutral,0.0
19,10,4,6,3,9,10,9,3,6.75,High,7.666666666666667,5.333333333333333,neutral,0.0
275,8,5,4,9,5,5,8,10,6.75,High,6.0,8.0,neutral,0.0
478,5,10,7,6,8,7,3,9,6.875,High,7.666666666666667,7.333333333333333,neutral,0.0
132,6,9,5,8,10,3,2,10,6.625,High,8.333333333333334,7.0,neutral,0.0
515,8,3,5,10,3,4,9,4,5.75,Medium,4.666666666666667,6.0,neutral,0.0
44,8,9,5,3,6,9,4,9,6.625,High,7.666666666666667,7.0,neutral,0.0
388,6,10,4,5,6,4,4,9,6.0,Medium,7.333333333333333,6.0,neutral,0.0
204,8,7,6,3,3,10,3,6,5.75,Medium,6.0,6.333333333333333,neutral,0.0
338,5,2,4,6,9,10,9,4,6.125,High,5.333333333333333,6.666666666666667,neutral,0.0
619,8,7,6,4,3,9,3,8,6.0,Medium,6.0,7.0,neutral,0.0
205,8,4,4,2,1,7,9,7,5.25,Medium,4.333333333333333,5.333333333333333,neutral,0.0
39,7,3,7,10,6,4,8,2,5.875,Medium,5.333333333333333,5.333333333333333,neutral,0.0
53,5,8,5,1,10,8,5,7,6.125,High,7.666666666666667,5.333333333333333,neutral,0.0
58,9,3,7,1,2,3,10,7,5.25,Medium,4.666666666666667,3.6666666666666665,neutral,0.0
157,9,6,8,2,8,4,4,3,5.5,Medium,7.666666666666667,3.0,neutral,0.0
28,8,6,6,9,9,9,4,7,7.25,High,7.666666666666667,8.333333333333334,positive,0.5
833,8,6,7,7,7,9,10,9,7.875,High,7.0,8.333333333333334,positive,0.5
252,8,9,4,6,10,2,7,5,6.375,High,9.0,4.333333333333333,neutral,0.0
658,8,5,6,7,10,4,6,4,6.25,High,7.666666666666667,5.0,neutral,0.0
179,6,3,7,6,2,6,5,2,4.625,Medium,3.6666666666666665,4.666666666666667,neutral,0.0
851,9,6,4,10,2,1,3,10,5.625,Medium,5.666666666666667,7.0,neutral,0.0
809,7,8,7,5,10,2,8,8,6.875,High,8.333333333333334,5.0,neutral,0.0
330,7,7,5,7,9,10,2,2,6.125,High,7.666666666666667,6.333333333333333,neutral,0.0
94,10,10,4,7,8,2,4,4,6.125,High,9.333333333333334,4.333333333333333,neutral,0.0
826,10,5,7,2,8,7,10,5,6.75,High,7.666666666666667,4.666666666666667,neutral,0.0
227,9,3,6,4,7,4,4,7,5.5,Medium,6.333333333333333,5.0,neutral,0.0
1000,9,8,5,4,10,7,7,10,7.5,High,9.0,7.0,positive,0.5
114,10,9,7,1,8,4,4,2,5.625,Medium,9.0,2.3333333333333335,neutral,0.0
251,5,9,6,9,6,4,5,2,5.75,Medium,6.666666666666667,5.0,neutral,0.0
613,5,6,6,3,9,4,2,9,5.5,Medium,6.666666666666667,5.333333333333333,neutral,0.0
101,10,5,6,6,9,8,10,3,7.125,High,8.0,5.666666666666667,positive,0.5
871,7,8,7,10,10,7,2,2,6.625,High,8.333333333333334,6.333333333333333,neutral,0.0
551,6,3,5,7,3,1,9,10,5.5,Medium,4.0,6.0,neutral,0.0
931,6,5,7,3,6,5,6,10,6.0,Medium,5.666666666666667,6.0,neutral,0.0
49,8,7,8,8,1,1,8,3,5.5,Medium,5.333333333333333,4.0,neutral,0.0
512,5,10,7,9,9,9,6,9,8.0,High,8.0,9.0,positive,0.5
261,9,9,7,7,4,10,5,9,7.5,High,7.333333333333333,8.666666666666666,positive,0.5
754,6,9,4,4,3,10,2,10,6.0,Medium,6.0,8.0,neutral,0.0
345,8,2,8,9,10,10,9,5,7.625,High,6.666666666666667,8.0,positive,0.5
970,10,9,5,7,6,7,4,7,6.875,High,8.333333333333334,7.0,neutral,0.0
990,6,9,6,4,9,5,10,8,7.125,High,8.0,5.666666666666667,positive,0.5
911,6,4,4,10,9,4,7,2,5.75,Medium,6.333333333333333,5.333333333333333,neutral,0.0
909,9,8,5,9,5,6,9,7,7.25,High,7.333333333333333,7.333333333333333,positive,0.5
817,6,5,7,10,10,4,6,6,6.75,High,7.0,6.666666666666667,neutral,0.0
733,10,10,5,1,4,1,3,4,4.75,Medium,8.0,2.0,neutral,0.0
626,7,9,5,4,9,4,3,1,5.25,Medium,8.333333333333334,3.0,neutral,0.0
292,7,9,8,1,5,4,7,4,5.625,Medium,7.0,3.0,neutral,0.0
82,5,10,8,4,4,10,5,5,6.375,High,6.333333333333333,6.333333333333333,neutral,0.0
355,10,8,5,6,5,10,1,8,6.625,High,7.666666666666667,8.0,neutral,0.0
948,9,5,4,7,9,3,5,7,6.125,High,7.666666666666667,5.666666666666667,neutral,0.0
341,9,4,4,4,7,5,5,8,5.75,Medium,6.666666666666667,5.666666666666667,neutral,0.0
952,7,9,5,7,8,8,10,5,7.375,High,8.0,6.666666666666667,positive,0.5
711,7,3,4,6,3,7,6,4,5.0,Medium,4.333333333333333,5.666666666666667,neutral,0.0
635,7,3,8,6,7,4,10,5,6.25,High,5.666666666666667,5.0,neutral,0.0
850,5,8,7,4,8,7,8,6,6.625,High,7.0,5.666666666666667,neutral,0.0
716,6,3,7,9,2,3,3,6,4.875,Medium,3.6666666666666665,6.0,neutral,0.0
627,10,2,4,1,6,5,9,5,5.25,Medium,6.0,3.6666666666666665,neutral,0.0
661,6,10,4,3,8,2,7,6,5.75,Medium,8.0,3.6666666666666665,neutral,0.0
877,8,9,4,5,10,10,10,2,7.25,High,9.0,5.666666666666667,positive,0.5
177,8,2,6,2,8,1,9,9,5.625,Medium,6.0,4.0,neutral,0.0
322,8,10,7,3,3,3,1,5,5.0,Medium,7.0,3.6666666666666665,neutral,0.0
914,9,2,4,2,4,2,2,9,4.25,Medium,5.0,4.333333333333333,neutral,0.0
486,10,9,5,1,4,10,6,9,6.75,High,7.666666666666667,6.666666666666667,neutral,0.0
723,6,10,5,3,10,3,6,4,5.875,Medium,8.666666666666666,3.3333333333333335,neutral,0.0
105,9,10,5,1,3,1,1,2,4.0,Medium,7.333333333333333,1.3333333333333333,neutral,0.0
52,6,10,4,1,7,3,10,2,5.375,Medium,7.666666666666667,2.0,neutral,0.0
436,9,9,4,10,1,10,10,2,6.875,High,6.333333333333333,7.333333333333333,neutral,0.0
829,6,9,5,3,2,2,10,9,5.75,Medium,5.666666666666667,4.666666666666667,neutral,0.0
753,5,10,8,7,5,10,9,7,7.625,High,6.666666666666667,8.0,positive,0.5
130,7,9,5,9,3,2,5,4,5.5,Medium,6.333333333333333,5.0,neutral,0.0
91,6,5,4,2,5,8,3,3,4.5,Medium,5.333333333333333,4.333333333333333,neutral,0.0
590,10,3,4,4,9,9,6,2,5.875,Medium,7.333333333333333,5.0,neutral,0.0
965,10,3,4,5,10,3,7,3,5.625,Medium,7.666666666666667,3.6666666666666665,neutral,0.0
99,8,9,6,2,2,3,10,6,5.75,Medium,6.333333333333333,3.6666666666666665,neutral,0.0
912,7,10,7,10,2,7,5,7,6.875,High,6.333333333333333,8.0,neutral,0.0
395,9,6,8,2,7,9,8,10,7.375,High,7.333333333333333,7.0,positive,0.5
923,6,3,5,6,9,4,10,3,5.75,Medium,6.0,4.333333333333333,neutral,0.0
499,7,9,8,3,5,1,5,2,5.0,Medium,7.0,2.0,neutral,0.0
115,5,5,7,1,3,8,1,10,5.0,Medium,4.333333333333333,6.333333333333333,neutral,0.0
815,5,9,6,6,2,9,5,3,5.625,Medium,5.333333333333333,6.0,neutral,0.0
570,10,10,6,8,9,2,8,10,7.875,High,9.666666666666666,6.666666666666667,positive,0.5
825,9,7,8,1,3,2,9,3,5.25,Medium,6.333333333333333,2.0,neutral,0.0
620,9,5,8,2,8,10,8,8,7.25,High,7.333333333333333,6.666666666666667,positive,0.5
175,10,9,8,2,1,6,7,2,5.625,Medium,6.666666666666667,3.3333333333333335,neutral,0.0
358,5,7,4,3,3,10,3,4,4.875,Medium,5.0,5.666666666666667,neutral,0.0
191,7,4,5,2,5,10,4,7,5.5,Medium,5.333333333333333,6.333333333333333,neutral,0.0
492,6,5,8,10,3,8,3,2,5.625,Medium,4.666666666666667,6.666666666666667,neutral,0.0
529,9,6,6,1,4,10,1,7,5.5,Medium,6.333333333333333,6.0,neutral,0.0
389,5,5,8,6,2,3,5,7,5.125,Medium,4.0,5.333333333333333,neutral,0.0
878,6,5,8,4,10,3,9,10,6.875,High,7.0,5.666666666666667,neutral,0.0
368,7,9,8,3,2,7,4,1,5.125,Medium,6.0,3.6666666666666665,neutral,0.0
122,7,5,5,3,9,6,9,2,5.75,Medium,7.0,3.6666666666666665,neutral,0.0
332,9,2,7,2,8,7,4,10,6.125,High,6.333333333333333,6.333333333333333,neutral,0.0
303,7,4,5,4,7,2,1,6,4.5,Medium,6.0,4.0,neutral,0.0
336,8,10,4,5,6,7,2,3,5.625,Medium,8.0,5.0,neutral,0.0
588,6,6,4,10,10,10,3,9,7.25,High,7.333333333333333,9.666666666666666,positive,0.5
609,10,9,4,4,1,5,9,10,6.5,High,6.666666666666667,6.333333333333333,neutral,0.0
920,10,6,7,10,10,2,4,2,6.375,High,8.666666666666666,4.666666666666667,neutral,0.0
370,9,4,7,10,1,10,2,7,6.25,High,4.666666666666667,9.0,neutral,0.0
405,10,2,5,5,5,1,4,6,4.75,Medium,5.666666666666667,4.0,neutral,0.0
779,10,8,6,3,8,8,7,8,7.25,High,8.666666666666666,6.333333333333333,positive,0.5
962,10,6,4,5,1,7,1,10,5.5,Medium,5.666666666666667,7.333333333333333,neutral,0.0
268,10,6,5,9,9,1,8,6,6.75,High,8.333333333333334,5.333333333333333,neutral,0.0
625,10,7,6,7,9,6,3,3,6.375,High,8.666666666666666,5.333333333333333,neutral,0.0
217,8,9,8,3,8,5,5,5,6.375,High,8.333333333333334,4.333333333333333,neutral,0.0
479,10,10,4,6,5,9,2,3,6.125,High,8.333333333333334,6.0,neutral,0.0
500,9,5,8,4,2,2,5,1,4.5,Medium,5.333333333333333,2.3333333333333335,neutral,0.0
409,8,9,7,3,10,4,6,1,6.0,Medium,9.0,2.6666666666666665,neutral,0.0
546,7,7,5,1,9,8,1,1,4.875,Medium,7.666666666666667,3.3333333333333335,neutral,0.0
967,5,5,8,8,1,9,8,5,6.125,High,3.6666666666666665,7.333333333333333,neutral,0.0
343,8,4,7,1,10,8,2,6,5.75,Medium,7.333333333333333,5.0,neutral,0.0
639,7,4,7,7,6,10,5,7,6.625,High,5.666666666666667,8.0,neutral,0.0
402,6,8,6,9,4,8,5,7,6.625,High,6.0,8.0,neutral,0.0
617,5,7,5,4,7,1,10,6,5.625,Medium,6.333333333333333,3.6666666666666665,neutral,0.0
349,6,8,8,2,9,9,2,8,6.5,High,7.666666666666667,6.333333333333333,neutral,0.0
994,8,5,5,2,5,5,9,5,5.5,Medium,6.0,4.0,neutral,0.0
279,5,10,7,1,4,4,9,4,5.5,Medium,6.333333333333333,3.0,neutral,0.0
926,10,7,5,1,1,6,6,1,4.625,Medium,6.0,2.6666666666666665,neutral,0.0
816,10,8,5,9,2,7,9,3,6.625,High,6.666666666666667,6.333333333333333,neutral,0.0
765,8,7,8,5,7,7,7,7,7.0,High,7.333333333333333,6.333333333333333,positive,0.5
160,10,6,5,4,2,10,4,7,6.0,Medium,6.0,7.0,neutral,0.0
606,8,3,8,1,6,4,8,9,5.875,Medium,5.666666666666667,4.666666666666667,neutral,0.0
602,5,3,6,2,8,10,3,1,4.75,Medium,5.333333333333333,4.333333333333333,neutral,0.0
893,10,6,8,1,1,10,1,3,5.0,Medium,5.666666666666667,4.666666666666667,neutral,0.0
810,9,6,7,3,5,9,10,5,6.75,High,6.666666666666667,5.666666666666667,neutral,0.0
802,8,2,6,6,3,8,7,7,5.875,Medium,4.333333333333333,7.0,neutral,0.0
162,6,2,5,2,10,2,8,8,5.375,Medium,6.0,4.0,neutral,0.0
449,5,7,8,9,3,2,7,10,6.375,High,5.0,7.0,neutral,0.0
463,7,8,7,8,1,4,4,1,5.0,Medium,5.333333333333333,4.333333333333333,neutral,0.0
41,5,3,5,9,3,1,8,8,5.25,Medium,3.6666666666666665,6.0,neutral,0.0
838,6,3,6,8,7,1,8,8,5.875,Medium,5.333333333333333,5.666666666666667,neutral,0.0
703,10,7,8,3,4,7,9,8,7.0,High,7.0,6.0,positive,0.5
490,9,2,6,10,9,8,2,4,6.25,High,6.666666666666667,7.333333333333333,neutral,0.0
906,7,7,8,4,5,2,4,5,5.25,Medium,6.333333333333333,3.6666666666666665,neutral,0.0
174,7,3,6,7,10,10,2,3,6.0,Medium,6.666666666666667,6.666666666666667,neutral,0.0
4,5,8,5,7,10,7,3,1,5.75,Medium,7.666666666666667,5.0,neutral,0.0
161,6,7,8,3,5,10,6,4,6.125,High,6.0,5.666666666666667,neutral,0.0
31,5,4,5,9,9,2,4,1,4.875,Medium,6.0,4.0,neutral,0.0
623,6,4,6,6,10,10,3,9,6.75,High,6.666666666666667,8.333333333333334,neutral,0.0
818,10,5,4,9,2,6,2,6,5.5,Medium,5.666666666666667,7.0,neutral,0.0
60,5,6,5,3,1,7,5,3,4.375,Medium,4.0,4.333333333333333,neutral,0.0
384,6,2,7,9,4,4,2,8,5.25,Medium,4.0,7.0,neutral,0.0
971,7,6,7,4,6,6,7,9,6.5,High,6.333333333333333,6.333333333333333,neutral,0.0
427,7,3,7,2,9,8,8,7,6.375,High,6.333333333333333,5.666666666666667,neutral,0.0
431,10,9,4,3,3,9,4,1,5.375,Medium,7.333333333333333,4.333333333333333,neutral,0.0
408,6,5,4,7,1,8,6,7,5.5,Medium,4.0,7.333333333333333,neutral,0.0
577,10,7,4,10,7,2,5,1,5.75,Medium,8.0,4.333333333333333,neutral,0.0
803,6,10,8,5,6,5,6,7,6.625,High,7.333333333333333,5.666666666666667,neutral,0.0
273,9,3,7,1,5,3,8,4,5.0,Medium,5.666666666666667,2.6666666666666665,neutral,0.0
371,6,3,4,9,4,10,4,10,6.25,High,4.333333333333333,9.666666666666666,neutral,0.0
999,6,7,8,8,9,9,9,5,7.625,High,7.333333333333333,7.333333333333333,positive,0.5
595,10,5,5,4,10,4,4,4,5.75,Medium,8.333333333333334,4.0,neutral,0.0
63,8,8,7,4,4,4,8,2,5.625,Medium,6.666666666666667,3.3333333333333335,neutral,0.0
899,5,4,7,7,2,6,1,1,4.125,Medium,3.6666666666666665,4.666666666666667,neutral,0.0
0,7,4,8,2,1,4,8,3,4.625,Medium,4.0,3.0,neutral,0.0
796,7,9,6,2,7,7,6,8,6.5,High,7.666666666666667,5.666666666666667,neutral,0.0
181,10,10,4,2,1,5,3,1,4.5,Medium,7.0,2.6666666666666665,neutral,0.0
290,6,7,6,4,2,8,9,7,6.125,High,5.0,6.333333333333333,neutral,0.0
373,6,4,8,10,5,3,10,10,7.0,High,5.0,7.666666666666667,positive,0.5
285,6,10,5,7,3,3,5,1,5.0,Medium,6.333333333333333,3.6666666666666665,neutral,0.0
882,6,3,4,1,7,5,4,2,4.0,Medium,5.333333333333333,2.6666666666666665,neutral,0.0
776,8,3,7,6,3,7,6,7,5.875,Medium,4.666666666666667,6.666666666666667,neutral,0.0
935,10,9,7,2,8,2,1,2,5.125,Medium,9.0,2.0,neutral,0.0
679,10,6,4,5,10,9,6,7,7.125,High,8.666666666666666,7.0,positive,0.5
102,7,4,6,3,5,7,5,5,5.25,Medium,5.333333333333333,5.0,neutral,0.0
618,5,8,6,9,3,8,7,9,6.875,High,5.333333333333333,8.666666666666666,neutral,0.0
607,8,4,4,10,10,8,3,7,6.75,High,7.333333333333333,8.333333333333334,neutral,0.0
743,9,7,7,10,1,5,5,10,6.75,High,5.666666666666667,8.333333333333334,neutral,0.0
682,8,5,8,9,2,10,3,4,6.125,High,5.0,7.666666666666667,neutral,0.0
16,5,3,6,6,5,8,8,2,5.375,Medium,4.333333333333333,5.333333333333333,neutral,0.0
969,8,6,8,10,2,1,3,2,5.0,Medium,5.333333333333333,4.333333333333333,neutral,0.0
46,8,4,4,9,5,7,4,8,6.125,High,5.666666666666667,8.0,neutral,0.0
706,6,8,7,9,8,6,4,1,6.125,High,7.333333333333333,5.333333333333333,neutral,0.0
993,9,9,4,1,5,2,9,9,6.0,Medium,7.666666666666667,4.0,neutral,0.0
508,10,6,5,8,8,5,7,10,7.375,High,8.0,7.666666666666667,positive,0.5
989,8,4,5,4,8,6,7,3,5.625,Medium,6.666666666666667,4.333333333333333,neutral,0.0
133,10,4,7,3,5,4,4,5,5.25,Medium,6.333333333333333,4.0,neutral,0.0
15,8,9,8,3,6,10,2,3,6.125,High,7.666666666666667,5.333333333333333,neutral,0.0
78,10,9,6,8,10,7,7,8,8.125,High,9.666666666666666,7.666666666666667,positive,0.5
433,6,6,8,4,8,9,4,1,5.75,Medium,6.666666666666667,4.666666666666667,neutral,0.0
784,7,7,4,3,7,8,6,10,6.5,High,7.0,7.0,neutral,0.0
983,5,2,4,1,9,4,3,2,3.75,Medium,5.333333333333333,2.3333333333333335,negative,-0.5
197,9,3,5,9,8,2,4,10,6.25,High,6.666666666666667,7.0,neutral,0.0
483,8,2,6,2,10,2,2,5,4.625,Medium,6.666666666666667,3.0,neutral,0.0
376,5,5,5,8,8,4,6,10,6.375,High,6.0,7.333333333333333,neutral,0.0
915,10,7,4,6,9,4,9,5,6.75,High,8.666666666666666,5.0,neutral,0.0
210,6,5,7,9,5,1,2,4,4.875,Medium,5.333333333333333,4.666666666666667,neutral,0.0
20,8,4,5,1,10,10,7,5,6.25,High,7.333333333333333,5.333333333333333,neutral,0.0
425,5,9,8,1,10,8,10,10,7.625,High,8.0,6.333333333333333,positive,0.5
668,6,3,6,1,2,10,9,3,5.0,Medium,3.6666666666666665,4.666666666666667,neutral,0.0
54,7,2,5,1,5,3,1,3,3.375,Medium,4.666666666666667,2.3333333333333335,negative,-0.5
950,7,2,7,10,5,3,4,7,5.625,Medium,4.666666666666667,6.666666666666667,neutral,0.0
782,6,7,4,2,2,1,3,8,4.125,Medium,5.0,3.6666666666666665,neutral,0.0
108,5,5,7,5,10,7,3,9,6.375,High,6.666666666666667,7.0,neutral,0.0
400,9,4,5,5,8,10,6,10,7.125,High,7.0,8.333333333333334,positive,0.5
685,10,9,7,3,1,6,6,4,5.75,Medium,6.666666666666667,4.333333333333333,neutral,0.0
673,9,3,4,4,7,9,8,4,6.0,Medium,6.333333333333333,5.666666666666667,neutral,0.0
198,6,7,7,7,3,5,4,3,5.25,Medium,5.333333333333333,5.0,neutral,0.0
14,5,5,8,9,7,5,2,1,5.25,Medium,5.666666666666667,5.0,neutral,0.0
172,6,5,8,3,4,3,10,3,5.25,Medium,5.0,3.0,neutral,0.0
359,5,6,7,6,9,5,1,5,5.5,Medium,6.666666666666667,5.333333333333333,neutral,0.0
714,10,5,5,5,7,5,7,9,6.625,High,7.333333333333333,6.333333333333333,neutral,0.0
785,7,6,7,1,7,5,5,9,5.875,Medium,6.666666666666667,5.0,neutral,0.0
865,8,4,6,2,7,5,2,7,5.125,Medium,6.333333333333333,4.666666666666667,neutral,0.0
662,10,6,4,5,1,9,6,3,5.5,Medium,5.666666666666667,5.666666666666667,neutral,0.0
513,9,10,7,7,9,2,10,1,6.875,High,9.333333333333334,3.3333333333333335,neutral,0.0
722,7,10,5,5,4,9,6,7,6.625,High,7.0,7.0,neutral,0.0
8,6,7,6,10,6,9,9,10,7.875,High,6.333333333333333,9.666666666666666,positive,0.5
873,10,10,4,5,9,10,2,5,6.875,High,9.666666666666666,6.666666666666667,neutral,0.0
684,10,3,7,4,4,5,1,10,5.5,Medium,5.666666666666667,6.333333333333333,neutral,0.0
73,7,2,5,6,3,1,1,4,3.625,Medium,4.0,3.6666666666666665,negative,-0.5
900,9,8,5,8,4,6,9,7,7.0,High,7.0,7.0,positive,0.5
933,6,9,4,8,7,10,3,5,6.5,High,7.333333333333333,7.666666666666667,neutral,0.0
634,6,7,6,6,1,6,3,8,5.375,Medium,4.666666666666667,6.666666666666667,neutral,0.0
835,8,2,7,8,3,4,3,4,4.875,Medium,4.333333333333333,5.333333333333333,neutral,0.0
422,9,8,4,4,8,3,4,10,6.25,High,8.333333333333334,5.666666666666667,neutral,0.0
235,6,2,8,8,6,3,3,1,4.625,Medium,4.666666666666667,4.0,neutral,0.0
286,10,3,7,10,8,8,4,9,7.375,High,7.0,9.0,positive,0.5
129,7,3,4,9,1,4,4,9,5.125,Medium,3.6666666666666665,7.333333333333333,neutral,0.0
443,7,9,8,2,4,5,1,5,5.125,Medium,6.666666666666667,4.0,neutral,0.0
301,10,7,7,4,3,4,9,2,5.75,Medium,6.666666666666667,3.3333333333333335,neutral,0.0
532,10,2,4,2,2,6,10,9,5.625,Medium,4.666666666666667,5.666666666666667,neutral,0.0
64,6,2,8,1,8,4,8,4,5.125,Medium,5.333333333333333,3.0,neutral,0.0
860,10,8,4,3,7,1,4,5,5.25,Medium,8.333333333333334,3.0,neutral,0.0
559,8,4,4,6,5,5,1,7,5.0,Medium,5.666666666666667,6.0,neutral,0.0
311,7,5,6,8,4,9,8,9,7.0,High,5.333333333333333,8.666666666666666,positive,0.5
32,9,3,7,7,6,1,9,2,5.5,Medium,6.0,3.3333333333333335,neutral,0.0
296,10,7,4,2,2,10,10,8,6.625,High,6.333333333333333,6.666666666666667,neutral,0.0
419,10,2,5,8,5,3,3,10,5.75,Medium,5.666666666666667,7.0,neutral,0.0
83,10,6,6,1,8,1,3,9,5.5,Medium,8.0,3.6666666666666665,neutral,0.0
594,7,2,7,6,7,2,3,6,5.0,Medium,5.333333333333333,4.666666666666667,neutral,0.0
501,5,2,8,4,7,6,10,4,5.75,Medium,4.666666666666667,4.666666666666667,neutral,0.0
411,8,4,4,4,8,4,3,1,4.5,Medium,6.666666666666667,3.0,neutral,0.0
824,10,7,7,9,4,9,9,8,7.875,High,7.0,8.666666666666666,positive,0.5
585,7,6,8,2,4,7,10,9,6.625,High,5.666666666666667,6.0,neutral,0.0
848,9,9,6,1,9,2,8,6,6.25,High,9.0,3.0,neutral,0.0
299,10,8,5,5,4,3,1,9,5.625,Medium,7.333333333333333,5.666666666666667,neutral,0.0
107,9,4,8,6,10,4,5,9,6.875,High,7.666666666666667,6.333333333333333,neutral,0.0
119,9,10,5,1,9,6,7,6,6.625,High,9.333333333333334,4.333333333333333,neutral,0.0
335,5,3,4,2,8,4,7,6,4.875,Medium,5.333333333333333,4.0,neutral,0.0
557,5,5,8,2,4,10,6,1,5.125,Medium,4.666666666666667,4.333333333333333,neutral,0.0
113,5,6,7,1,10,6,4,7,5.75,Medium,7.0,4.666666666666667,neutral,0.0
281,5,6,6,3,4,1,1,1,3.375,Medium,5.0,1.6666666666666667,negative,-0.5
836,9,3,4,6,6,3,2,7,5.0,Medium,6.0,5.333333333333333,neutral,0.0
426,9,8,7,8,10,6,9,8,8.125,High,9.0,7.333333333333333,positive,0.5
42,8,2,4,6,6,7,3,1,4.625,Medium,5.333333333333333,4.666666666666667,neutral,0.0
567,9,3,8,1,4,9,10,9,6.625,High,5.333333333333333,6.333333333333333,neutral,0.0
589,5,8,7,5,6,7,8,9,6.875,High,6.333333333333333,7.0,neutral,0.0
187,5,5,6,2,6,1,8,5,4.75,Medium,5.333333333333333,2.6666666666666665,neutral,0.0
615,5,6,7,9,1,1,1,5,4.375,Medium,4.0,5.0,neutral,0.0
556,9,9,5,5,1,3,6,10,6.0,Medium,6.333333333333333,6.0,neutral,0.0
3,9,6,5,9,10,5,5,4,6.625,High,8.333333333333334,6.0,neutral,0.0
667,9,9,6,2,1,3,10,2,5.25,Medium,6.333333333333333,2.3333333333333335,neutral,0.0
234,7,2,4,5,1,8,7,2,4.5,Medium,3.3333333333333335,5.0,neutral,0.0
96,6,6,5,10,8,10,5,2,6.5,High,6.666666666666667,7.333333333333333,neutral,0.0
691,7,7,8,8,5,4,8,2,6.125,High,6.333333333333333,4.666666666666667,neutral,0.0
269,9,10,6,10,10,1,9,10,8.125,High,9.666666666666666,7.0,positive,0.5
566,8,10,6,10,7,6,6,1,6.75,High,8.333333333333334,5.666666666666667,neutral,0.0
985,5,5,4,8,7,6,7,3,5.625,Medium,5.666666666666667,5.666666666666667,neutral,0.0
437,7,2,6,7,5,8,1,8,5.5,Medium,4.666666666666667,7.666666666666667,neutral,0.0
200,8,4,8,6,8,4,7,1,5.75,Medium,6.666666666666667,3.6666666666666665,neutral,0.0
291,10,3,7,8,2,10,3,3,5.75,Medium,5.0,7.0,neutral,0.0
612,8,9,8,7,1,2,8,4,5.875,Medium,6.0,4.333333333333333,neutral,0.0
448,6,7,7,9,2,9,2,5,5.875,Medium,5.0,7.666666666666667,neutral,0.0
439,6,8,7,7,7,4,5,4,6.0,Medium,7.0,5.0,neutral,0.0
573,5,5,5,8,8,9,8,2,6.25,High,6.0,6.333333333333333,neutral,0.0
7,5,8,5,6,2,10,4,8,6.0,Medium,5.0,8.0,neutral,0.0
725,5,10,8,4,3,5,1,6,5.25,Medium,6.0,5.0,neutral,0.0
50,9,8,6,7,1,6,7,4,6.0,Medium,6.0,5.666666666666667,neutral,0.0
423,7,9,5,10,10,7,7,3,7.25,High,8.666666666666666,6.666666666666667,positive,0.5
140,7,10,6,8,6,10,9,6,7.75,High,7.666666666666667,8.0,positive,0.5
135,8,9,7,3,6,10,2,9,6.75,High,7.666666666666667,7.333333333333333,neutral,0.0
786,5,4,7,5,5,6,7,1,5.0,Medium,4.666666666666667,4.0,neutral,0.0
601,8,9,4,5,4,3,1,10,5.5,Medium,7.0,6.0,neutral,0.0
493,9,4,4,9,4,3,6,7,5.75,Medium,5.666666666666667,6.333333333333333,neutral,0.0
553,7,2,4,7,3,5,1,3,4.0,Medium,4.0,5.0,neutral,0.0
27,7,3,5,5,5,1,8,6,5.0,Medium,5.0,4.0,neutral,0.0
257,8,5,6,4,4,1,5,4,4.625,Medium,5.666666666666667,3.0,neutral,0.0
225,10,4,5,9,3,6,9,4,6.25,High,5.666666666666667,6.333333333333333,neutral,0.0
788,6,5,6,3,10,4,3,8,5.625,Medium,7.0,5.0,neutral,0.0
37,8,9,5,3,4,3,5,2,4.875,Medium,7.0,2.6666666666666665,neutral,0.0
170,5,10,7,2,8,5,9,5,6.375,High,7.666666666666667,4.0,neutral,0.0
528,9,2,5,2,6,5,1,6,4.5,Medium,5.666666666666667,4.333333333333333,neutral,0.0
600,7,8,6,10,6,7,7,6,7.125,High,7.0,7.666666666666667,positive,0.5
655,7,8,5,4,1,6,6,8,5.625,Medium,5.333333333333333,6.0,neutral,0.0
74,8,8,6,1,2,5,2,6,4.75,Medium,6.0,4.0,neutral,0.0
505,9,6,8,5,8,4,7,6,6.625,High,7.666666666666667,5.0,neutral,0.0
377,5,5,7,3,9,6,1,4,5.0,Medium,6.333333333333333,4.333333333333333,neutral,0.0
808,8,6,4,5,1,8,8,3,5.375,Medium,5.0,5.333333333333333,neutral,0.0
366,9,9,8,2,1,10,5,2,5.75,Medium,6.333333333333333,4.666666666666667,neutral,0.0
238,8,7,5,10,10,9,7,10,8.25,High,8.333333333333334,9.666666666666666,positive,0.5
255,9,10,7,10,3,2,7,8,7.0,High,7.333333333333333,6.666666666666667,positive,0.5
123,10,2,4,5,9,8,3,5,5.75,Medium,7.0,6.0,neutral,0.0
663,6,2,8,2,5,7,5,7,5.25,Medium,4.333333333333333,5.333333333333333,neutral,0.0
876,6,7,4,4,9,2,5,9,5.75,Medium,7.333333333333333,5.0,neutral,0.0
690,5,10,8,4,2,7,9,6,6.375,High,5.666666666666667,5.666666666666667,neutral,0.0
309,5,8,4,9,2,1,4,5,4.75,Medium,5.0,5.0,neutral,0.0
693,7,9,8,1,5,10,3,7,6.25,High,7.0,6.0,neutral,0.0
226,7,6,8,8,8,5,8,8,7.25,High,7.0,7.0,positive,0.5
951,10,10,7,10,5,9,7,1,7.375,High,8.333333333333334,6.666666666666667,positive,0.5
260,9,3,7,4,7,2,8,3,5.375,Medium,6.333333333333333,3.0,neutral,0.0
243,9,8,8,8,4,10,8,9,8.0,High,7.0,9.0,positive,0.5
222,5,4,4,2,7,9,5,3,4.875,Medium,5.333333333333333,4.666666666666667,neutral,0.0
314,5,10,6,8,6,6,10,4,6.875,High,7.0,6.0,neutral,0.0
229,7,6,8,2,2,10,8,8,6.375,High,5.0,6.666666666666667,neutral,0.0
85,5,6,8,9,3,4,4,4,5.375,Medium,4.666666666666667,5.666666666666667,neutral,0.0
76,8,9,8,6,3,10,7,2,6.625,High,6.666666666666667,6.0,neutral,0.0
887,6,9,5,8,9,7,6,2,6.5,High,8.0,5.666666666666667,neutral,0.0
582,8,4,7,8,1,5,9,3,5.625,Medium,4.333333333333333,5.333333333333333,neutral,0.0
674,8,5,6,8,7,10,2,7,6.625,High,6.666666666666667,8.333333333333334,neutral,0.0
986,7,2,6,2,4,7,10,7,5.625,Medium,4.333333333333333,5.333333333333333,neutral,0.0
511,8,4,4,5,2,10,10,6,6.125,High,4.666666666666667,7.0,neutral,0.0
879,6,10,5,10,9,5,5,4,6.75,High,8.333333333333334,6.333333333333333,neutral,0.0
401,8,10,7,2,8,10,8,9,7.75,High,8.666666666666666,7.0,positive,0.5
514,6,6,7,10,7,7,6,3,6.5,High,6.333333333333333,6.666666666666667,neutral,0.0
750,10,3,8,1,5,1,3,5,4.5,Medium,6.0,2.3333333333333335,neutral,0.0
156,7,4,7,9,10,8,5,8,7.25,High,7.0,8.333333333333334,positive,0.5
775,5,6,7,2,5,4,1,4,4.25,Medium,5.333333333333333,3.3333333333333335,neutral,0.0
329,9,8,8,5,3,3,10,8,6.75,High,6.666666666666667,5.333333333333333,neutral,0.0
467,8,10,5,7,7,1,3,6,5.875,Medium,8.333333333333334,4.666666666666667,neutral,0.0
178,7,7,4,7,1,2,1,2,3.875,Medium,5.0,3.6666666666666665,negative,-0.5
549,5,3,7,6,8,8,5,5,5.875,Medium,5.333333333333333,6.333333333333333,neutral,0.0
453,8,4,4,4,2,8,1,4,4.375,Medium,4.666666666666667,5.333333333333333,neutral,0.0
307,6,9,5,1,6,5,3,5,5.0,Medium,7.0,3.6666666666666665,neutral,0.0
472,6,8,7,7,9,9,2,3,6.375,High,7.666666666666667,6.333333333333333,neutral,0.0
392,7,7,4,9,7,10,8,4,7.0,High,7.0,7.666666666666667,positive,0.5
65,6,4,4,6,3,10,8,3,5.5,Medium,4.333333333333333,6.333333333333333,neutral,0.0
575,9,4,7,7,1,1,5,1,4.375,Medium,4.666666666666667,3.0,neutral,0.0
855,8,3,6,4,1,1,9,7,4.875,Medium,4.0,4.0,neutral,0.0
791,5,9,4,4,1,4,10,9,5.75,Medium,5.0,5.666666666666667,neutral,0.0
391,5,3,7,6,7,6,9,4,5.875,Medium,5.0,5.333333333333333,neutral,0.0
973,6,3,4,6,4,6,6,9,5.5,Medium,4.333333333333333,7.0,neutral,0.0
828,8,3,5,2,9,5,6,3,5.125,Medium,6.666666666666667,3.3333333333333335,neutral,0.0
247,6,9,6,5,2,2,3,7,5.0,Medium,5.666666666666667,4.666666666666667,neutral,0.0
412,9,2,5,8,7,2,10,4,5.875,Medium,6.0,4.666666666666667,neutral,0.0
67,7,9,4,3,9,1,1,2,4.5,Medium,8.333333333333334,2.0,neutral,0.0
289,5,2,5,8,9,2,7,2,5.0,Medium,5.333333333333333,4.0,neutral,0.0
399,10,6,4,8,6,5,10,4,6.625,High,7.333333333333333,5.666666666666667,neutral,0.0
138,8,5,8,8,10,4,2,6,6.375,High,7.666666666666667,6.0,neutral,0.0
537,10,6,4,9,9,5,7,5,6.875,High,8.333333333333334,6.333333333333333,neutral,0.0
265,5,9,7,6,5,6,5,3,5.75,Medium,6.333333333333333,5.0,neutral,0.0
724,5,2,6,1,7,3,3,1,3.5,Medium,4.666666666666667,1.6666666666666667,negative,-0.5
653,5,6,5,6,6,3,9,2,5.25,Medium,5.666666666666667,3.6666666666666665,neutral,0.0
318,6,8,5,10,6,7,10,8,7.5,High,6.666666666666667,8.333333333333334,positive,0.5
232,6,8,5,5,1,1,7,8,5.125,Medium,5.0,4.666666666666667,neutral,0.0
21,9,7,5,3,6,6,1,6,5.375,Medium,7.333333333333333,5.0,neutral,0.0
998,9,7,5,1,2,2,1,10,4.625,Medium,6.0,4.333333333333333,neutral,0.0
694,9,8,8,10,7,7,7,2,7.25,High,8.0,6.333333333333333,positive,0.5
927,6,2,6,2,10,3,6,4,4.875,Medium,6.0,3.0,neutral,0.0
348,7,9,5,6,5,5,8,6,6.375,High,7.0,5.666666666666667,neutral,0.0
968,6,7,6,3,8,1,9,3,5.375,Medium,7.0,2.3333333333333335,neutral,0.0
992,10,6,4,3,8,6,10,3,6.25,High,8.0,4.0,neutral,0.0
764,9,3,7,6,3,8,10,2,6.0,Medium,5.0,5.333333333333333,neutral,0.0
587,5,4,8,2,2,2,4,10,4.625,Medium,3.6666666666666665,4.666666666666667,neutral,0.0
944,10,8,6,8,8,7,9,6,7.75,High,8.666666666666666,7.0,positive,0.5
239,5,10,4,3,2,7,4,4,4.875,Medium,5.666666666666667,4.666666666666667,neutral,0.0
886,7,7,5,5,10,1,9,9,6.625,High,8.0,5.0,neutral,0.0
23,9,7,4,2,1,2,9,3,4.625,Medium,5.666666666666667,2.3333333333333335,neutral,0.0
458,6,2,4,6,6,10,4,1,4.875,Medium,4.666666666666667,5.666666666666667,neutral,0.0
822,6,2,7,1,5,4,1,10,4.5,Medium,4.333333333333333,5.0,neutral,0.0
413,7,10,4,2,3,1,10,1,4.75,Medium,6.666666666666667,1.3333333333333333,neutral,0.0
563,7,4,8,8,7,3,3,10,6.25,High,6.0,7.0,neutral,0.0
331,8,8,7,5,10,4,7,5,6.75,High,8.666666666666666,4.666666666666667,neutral,0.0
434,7,7,7,6,1,8,9,6,6.375,High,5.0,6.666666666666667,neutral,0.0
456,10,4,8,6,5,1,10,1,5.625,Medium,6.333333333333333,2.6666666666666665,neutral,0.0
430,9,6,4,9,8,6,4,3,6.125,High,7.666666666666667,6.0,neutral,0.0
896,6,8,7,5,4,4,5,5,5.5,Medium,6.0,4.666666666666667,neutral,0.0
451,9,3,6,10,7,8,9,10,7.75,High,6.333333333333333,9.333333333333334,positive,0.5
477,5,2,5,6,10,6,10,8,6.5,High,5.666666666666667,6.666666666666667,neutral,0.0
9,7,5,4,5,1,3,5,6,4.5,Medium,4.333333333333333,4.666666666666667,neutral,0.0
325,7,5,7,6,1,5,8,6,5.625,Medium,4.333333333333333,5.666666666666667,neutral,0.0
812,9,5,4,4,2,4,2,6,4.5,Medium,5.333333333333333,4.666666666666667,neutral,0.0
727,7,2,6,4,2,10,9,5,5.625,Medium,3.6666666666666665,6.333333333333333,neutral,0.0
928,6,7,6,9,4,8,5,8,6.625,High,5.666666666666667,8.333333333333334,neutral,0.0
134,9,9,7,4,7,10,8,3,7.125,High,8.333333333333334,5.666666666666667,positive,0.5
819,6,7,8,8,9,10,2,2,6.5,High,7.333333333333333,6.666666666666667,neutral,0.0
230,7,2,8,2,6,1,9,2,4.625,Medium,5.0,1.6666666666666667,neutral,0.0
520,9,3,5,6,7,10,10,3,6.625,High,6.333333333333333,6.333333333333333,neutral,0.0
326,7,10,8,8,6,4,9,7,7.375,High,7.666666666666667,6.333333333333333,positive,0.5
142,6,8,4,10,8,5,8,6,6.875,High,7.333333333333333,7.0,neutral,0.0
491,5,4,8,6,1,3,4,4,4.375,Medium,3.3333333333333335,4.333333333333333,neutral,0.0
379,7,5,6,2,9,7,3,10,6.125,High,7.0,6.333333333333333,neutral,0.0
465,5,2,8,8,6,8,2,4,5.375,Medium,4.333333333333333,6.666666666666667,neutral,0.0
756,6,7,7,3,2,6,9,7,5.875,Medium,5.0,5.333333333333333,neutral,0.0
347,6,8,7,3,5,1,2,8,5.0,Medium,6.333333333333333,4.0,neutral,0.0
237,10,4,5,8,7,8,2,8,6.5,High,7.0,8.0,neutral,0.0
642,5,7,6,8,9,6,6,7,6.75,High,7.0,7.0,neutral,0.0
506,9,7,4,1,5,7,5,1,4.875,Medium,7.0,3.0,neutral,0.0
646,7,8,5,4,7,8,8,8,6.875,High,7.333333333333333,6.666666666666667,neutral,0.0
382,10,10,7,5,2,3,6,3,5.75,Medium,7.333333333333333,3.6666666666666665,neutral,0.0
256,6,7,4,5,9,8,6,5,6.25,High,7.333333333333333,6.0,neutral,0.0
327,8,8,5,10,2,1,10,5,6.125,High,6.0,5.333333333333333,neutral,0.0
624,7,3,7,10,2,1,8,8,5.75,Medium,4.0,6.333333333333333,neutral,0.0
155,8,8,8,10,3,9,7,3,7.0,High,6.333333333333333,7.333333333333333,positive,0.5
578,8,10,7,4,5,8,7,6,6.875,High,7.666666666666667,6.0,neutral,0.0
640,10,9,4,10,2,4,3,1,5.375,Medium,7.0,5.0,neutral,0.0
997,9,8,8,6,8,3,3,10,6.875,High,8.333333333333334,6.333333333333333,neutral,0.0
242,7,9,5,4,5,9,1,4,5.5,Medium,7.0,5.666666666666667,neutral,0.0
344,7,6,8,9,8,3,8,5,6.75,High,7.0,5.666666666666667,neutral,0.0
699,9,5,4,8,4,2,2,8,5.25,Medium,6.0,6.0,neutral,0.0
77,9,4,5,9,2,1,5,10,5.625,Medium,5.0,6.666666666666667,neutral,0.0
821,8,9,5,5,8,9,4,9,7.125,High,8.333333333333334,7.666666666666667,positive,0.5
903,9,8,8,8,4,8,4,1,6.25,High,7.0,5.666666666666667,neutral,0.0
540,9,10,7,3,2,4,4,5,5.5,Medium,7.0,4.0,neutral,0.0
596,5,8,7,7,1,2,10,3,5.375,Medium,4.666666666666667,4.0,neutral,0.0
169,8,2,6,3,3,6,9,3,5.0,Medium,4.333333333333333,4.0,neutral,0.0
526,9,5,5,5,2,6,4,9,5.625,Medium,5.333333333333333,6.666666666666667,neutral,0.0
361,7,2,6,4,5,7,8,3,5.25,Medium,4.666666666666667,4.666666666666667,neutral,0.0
917,8,6,5,3,7,5,4,8,5.75,Medium,7.0,5.333333333333333,neutral,0.0
342,5,9,8,1,9,8,7,10,7.125,High,7.666666666666667,6.333333333333333,positive,0.5
599,5,2,4,8,4,8,9,5,5.625,Medium,3.6666666666666665,7.0,neutral,0.0
875,5,4,7,3,5,6,4,5,4.875,Medium,4.666666666666667,4.666666666666667,neutral,0.0
745,5,9,5,10,8,2,9,1,6.125,High,7.333333333333333,4.333333333333333,neutral,0.0
131,9,4,8,2,7,5,2,10,5.875,Medium,6.666666666666667,5.666666666666667,neutral,0.0
143,6,6,7,8,10,3,3,9,6.5,High,7.333333333333333,6.666666666666667,neutral,0.0
666,10,5,6,8,1,2,7,7,5.75,Medium,5.333333333333333,5.666666666666667,neutral,0.0
104,8,5,4,2,7,9,4,4,5.375,Medium,6.666666666666667,5.0,neutral,0.0
964,8,5,5,3,10,5,5,3,5.5,Medium,7.666666666666667,3.6666666666666665,neutral,0.0
208,8,7,5,7,2,3,2,8,5.25,Medium,5.666666666666667,6.0,neutral,0.0
774,7,10,5,4,6,10,9,6,7.125,High,7.666666666666667,6.666666666666667,positive,0.5
346,10,7,4,9,3,2,10,8,6.625,High,6.666666666666667,6.333333333333333,neutral,0.0
97,7,8,7,9,6,3,10,7,7.125,High,7.0,6.333333333333333,positive,0.5
306,9,10,4,1,3,3,2,5,4.625,Medium,7.333333333333333,3.0,neutral,0.0
18,9,6,6,1,5,8,4,10,6.125,High,6.666666666666667,6.333333333333333,neutral,0.0
284,5,7,6,3,10,3,8,6,6.0,Medium,7.333333333333333,4.0,neutral,0.0
173,5,7,5,10,10,10,3,10,7.5,High,7.333333333333333,10.0,positive,0.5
558,7,9,5,5,9,7,3,5,6.25,High,8.333333333333334,5.666666666666667,neutral,0.0
51,7,2,6,2,8,2,10,2,4.875,Medium,5.666666666666667,2.0,neutral,0.0
357,5,8,7,5,4,1,8,8,5.75,Medium,5.666666666666667,4.666666666666667,neutral,0.0
692,8,8,6,9,5,8,7,10,7.625,High,7.0,9.0,positive,0.5
26,8,2,6,10,9,9,4,5,6.625,High,6.333333333333333,8.0,neutral,0.0
386,9,5,5,4,6,5,7,7,6.0,Medium,6.666666666666667,5.333333333333333,neutral,0.0
287,5,9,5,5,10,8,4,10,7.0,High,8.0,7.666666666666667,positive,0.5
974,8,10,4,2,4,9,8,7,6.5,High,7.333333333333333,6.0,neutral,0.0
683,6,9,4,8,5,5,1,10,6.0,Medium,6.666666666666667,7.666666666666667,neutral,0.0
374,6,9,4,6,2,6,7,8,6.0,Medium,5.666666666666667,6.666666666666667,neutral,0.0
278,10,8,7,8,6,7,8,1,6.875,High,8.0,5.333333333333333,neutral,0.0
367,10,4,8,3,3,9,5,7,6.125,High,5.666666666666667,6.333333333333333,neutral,0.0
800,7,4,5,2,1,6,3,9,4.625,Medium,4.0,5.666666666666667,neutral,0.0
11,9,5,6,8,5,6,7,7,6.625,High,6.333333333333333,7.0,neutral,0.0
310,5,8,5,9,4,4,9,10,6.75,High,5.666666666666667,7.666666666666667,neutral,0.0
910,5,8,7,10,8,2,4,8,6.5,High,7.0,6.666666666666667,neutral,0.0
440,5,7,8,9,7,1,8,10,6.875,High,6.333333333333333,6.666666666666667,neutral,0.0
441,7,8,5,3,1,8,6,8,5.75,Medium,5.333333333333333,6.333333333333333,neutral,0.0
146,8,7,5,6,9,2,9,10,7.0,High,8.0,6.0,positive,0.5
614,8,2,6,7,8,6,6,5,6.0,Medium,6.0,6.0,neutral,0.0
262,10,5,4,9,6,9,9,3,6.875,High,7.0,7.0,neutral,0.0
34,9,7,8,9,8,2,8,9,7.5,High,8.0,6.666666666666667,positive,0.5
407,9,8,8,6,2,9,6,4,6.5,High,6.333333333333333,6.333333333333333,neutral,0.0
564,5,10,5,6,8,5,3,1,5.375,Medium,7.666666666666667,4.0,neutral,0.0
538,8,7,4,6,10,5,2,9,6.375,High,8.333333333333334,6.666666666666667,neutral,0.0
748,5,8,6,1,10,2,4,9,5.625,Medium,7.666666666666667,4.0,neutral,0.0
675,8,7,8,9,8,6,2,8,7.0,High,7.666666666666667,7.666666666666667,positive,0.5
224,10,7,7,6,2,1,7,9,6.125,High,6.333333333333333,5.333333333333333,neutral,0.0
10,8,3,7,4,3,6,4,1,4.5,Medium,4.666666666666667,3.6666666666666665,neutral,0.0
708,5,3,5,4,5,9,6,4,5.125,Medium,4.333333333333333,5.666666666666667,neutral,0.0
636,7,3,6,9,5,4,6,3,5.375,Medium,5.0,5.333333333333333,neutral,0.0
218,7,8,4,4,1,4,6,4,4.75,Medium,5.333333333333333,4.0,neutral,0.0
193,5,9,4,6,5,7,1,9,5.75,Medium,6.333333333333333,7.333333333333333,neutral,0.0
106,6,6,5,8,3,1,9,7,5.625,Medium,5.0,5.333333333333333,neutral,0.0
834,8,2,7,4,1,8,9,2,5.125,Medium,3.6666666666666665,4.666666666666667,neutral,0.0
597,5,4,8,4,8,7,3,4,5.375,Medium,5.666666666666667,5.0,neutral,0.0
45,8,5,6,1,5,9,2,9,5.625,Medium,6.0,6.333333333333333,neutral,0.0
264,5,2,4,4,7,6,4,1,4.125,Medium,4.666666666666667,3.6666666666666665,neutral,0.0
219,10,4,5,7,9,10,8,3,7.0,High,7.666666666666667,6.666666666666667,positive,0.5
249,10,2,5,6,8,1,8,9,6.125,High,6.666666666666667,5.333333333333333,neutral,0.0
507,9,2,6,2,7,9,7,9,6.375,High,6.0,6.666666666666667,neutral,0.0
383,10,10,8,10,4,9,3,10,8.0,High,8.0,9.666666666666666,positive,0.5
631,10,8,5,3,9,9,8,3,6.875,High,9.0,5.0,neutral,0.0
502,6,3,5,1,8,4,7,8,5.25,Medium,5.666666666666667,4.333333333333333,neutral,0.0
792,10,2,6,7,7,5,6,9,6.5,High,6.333333333333333,7.0,neutral,0.0
271,8,10,6,5,7,10,10,2,7.25,High,8.333333333333334,5.666666666666667,positive,0.5
194,6,3,5,4,1,10,8,3,5.0,Medium,3.3333333333333335,5.666666666666667,neutral,0.0
937,8,8,4,10,1,5,9,3,6.0,Medium,5.666666666666667,6.0,neutral,0.0
726,6,4,4,7,7,3,6,4,5.125,Medium,5.666666666666667,4.666666666666667,neutral,0.0
339,6,10,5,9,4,3,6,5,6.0,Medium,6.666666666666667,5.666666666666667,neutral,0.0
841,8,9,8,3,4,4,7,1,5.5,Medium,7.0,2.6666666666666665,neutral,0.0
874,9,7,6,9,6,1,6,3,5.875,Medium,7.333333333333333,4.333333333333333,neutral,0.0
214,6,6,4,3,1,3,4,6,4.125,Medium,4.333333333333333,4.0,neutral,0.0
924,9,10,5,5,6,4,1,8,6.0,Medium,8.333333333333334,5.666666666666667,neutral,0.0
203,8,7,8,9,4,10,8,10,8.0,High,6.333333333333333,9.666666666666666,positive,0.5
629,8,3,7,4,4,8,1,10,5.625,Medium,5.0,7.333333333333333,neutral,0.0
354,6,3,7,10,1,1,10,6,5.5,Medium,3.3333333333333335,5.666666666666667,neutral,0.0
857,9,8,6,5,7,8,1,9,6.625,High,8.0,7.333333333333333,neutral,0.0
424,5,3,7,3,8,6,5,7,5.5,Medium,5.333333333333333,5.333333333333333,neutral,0.0
872,6,10,8,8,2,2,1,4,5.125,Medium,6.0,4.666666666666667,neutral,0.0
116,8,5,6,3,5,3,1,9,5.0,Medium,6.0,5.0,neutral,0.0
308,9,10,7,10,3,2,10,9,7.5,High,7.333333333333333,7.0,positive,0.5
698,5,9,6,3,6,9,9,9,7.0,High,6.666666666666667,7.0,positive,0.5
622,9,10,7,7,6,2,8,4,6.625,High,8.333333333333334,4.333333333333333,neutral,0.0
103,9,6,4,6,1,3,10,6,5.625,Medium,5.333333333333333,5.0,neutral,0.0
464,5,4,8,6,4,10,1,6,5.5,Medium,4.333333333333333,7.333333333333333,neutral,0.0
870,10,4,6,3,8,2,3,7,5.375,Medium,7.333333333333333,4.0,neutral,0.0
351,8,5,8,10,1,9,7,7,6.875,High,4.666666666666667,8.666666666666666,neutral,0.0
628,10,10,4,7,1,7,3,9,6.375,High,7.0,7.666666666666667,neutral,0.0
33,8,5,6,1,8,7,7,2,5.5,Medium,7.0,3.3333333333333335,neutral,0.0
972,7,9,4,1,1,2,1,10,4.375,Medium,5.666666666666667,4.333333333333333,neutral,0.0
535,5,10,5,9,9,8,1,9,7.0,High,8.0,8.666666666666666,positive,0.5
959,8,4,5,5,10,7,3,2,5.5,Medium,7.333333333333333,4.666666666666667,neutral,0.0
794,10,4,4,8,6,8,6,9,6.875,High,6.666666666666667,8.333333333333334,neutral,0.0
313,5,7,7,3,7,10,1,1,5.125,Medium,6.333333333333333,4.666666666666667,neutral,0.0
127,5,8,4,9,7,7,7,6,6.625,High,6.666666666666667,7.333333333333333,neutral,0.0
245,10,6,4,9,9,2,7,7,6.75,High,8.333333333333334,6.0,neutral,0.0
773,9,5,8,9,1,10,4,8,6.75,High,5.0,9.0,neutral,0.0
69,8,6,6,1,9,1,9,7,5.875,Medium,7.666666666666667,3.0,neutral,0.0
141,8,6,6,5,4,9,5,2,5.625,Medium,6.0,5.333333333333333,neutral,0.0
139,8,3,4,10,6,1,1,5,4.75,Medium,5.666666666666667,5.333333333333333,neutral,0.0
398,6,9,6,10,7,4,5,9,7.0,High,7.333333333333333,7.666666666666667,positive,0.5
889,7,6,8,6,6,6,7,10,7.0,High,6.333333333333333,7.333333333333333,positive,0.5
995,6,7,8,3,7,7,8,7,6.625,High,6.666666666666667,5.666666666666667,neutral,0.0
757,9,5,7,9,7,8,9,1,6.875,High,7.0,6.0,neutral,0.0
783,5,2,8,2,8,5,7,3,5.0,Medium,5.0,3.3333333333333335,neutral,0.0
420,5,8,8,6,2,4,10,3,5.75,Medium,5.0,4.333333333333333,neutral,0.0
790,7,5,6,2,3,1,6,6,4.5,Medium,5.0,3.0,neutral,0.0
592,7,2,7,10,8,9,5,1,6.125,High,5.666666666666667,6.666666666666667,neutral,0.0
978,6,5,8,9,6,6,2,9,6.375,High,5.666666666666667,8.0,neutral,0.0
735,6,4,6,1,7,6,1,5,4.5,Medium,5.666666666666667,4.0,neutral,0.0
731,5,10,6,9,5,10,5,2,6.5,High,6.666666666666667,7.0,neutral,0.0
932,6,6,4,5,5,3,6,1,4.5,Medium,5.666666666666667,3.0,neutral,0.0
497,6,4,8,4,6,10,1,6,5.625,Medium,5.333333333333333,6.666666666666667,neutral,0.0
813,8,10,5,8,4,7,5,2,6.125,High,7.333333333333333,5.666666666666667,neutral,0.0
2,10,2,7,3,10,4,4,7,5.875,Medium,7.333333333333333,4.666666666666667,neutral,0.0
649,9,2,6,10,4,9,4,2,5.75,Medium,5.0,7.0,neutral,0.0
455,8,5,4,2,7,4,1,2,4.125,Medium,6.666666666666667,2.6666666666666665,neutral,0.0
593,5,3,5,3,9,10,9,9,6.625,High,5.666666666666667,7.333333333333333,neutral,0.0
206,10,8,5,4,8,9,10,6,7.5,High,8.666666666666666,6.333333333333333,positive,0.5
847,7,10,5,7,1,9,10,4,6.625,High,6.0,6.666666666666667,neutral,0.0
233,8,7,7,7,9,2,8,2,6.25,High,8.0,3.6666666666666665,neutral,0.0
87,5,10,8,4,8,10,1,9,6.875,High,7.666666666666667,7.666666666666667,neutral,0.0
333,6,3,7,6,9,9,9,1,6.25,High,6.0,5.333333333333333,neutral,0.0
738,8,2,5,7,2,7,6,5,5.25,Medium,4.0,6.333333333333333,neutral,0.0
350,5,6,6,1,8,7,10,10,6.625,High,6.333333333333333,6.0,neutral,0.0
805,8,8,7,10,6,2,2,6,6.125,High,7.333333333333333,6.0,neutral,0.0
700,9,8,6,1,9,6,9,1,6.125,High,8.666666666666666,2.6666666666666665,neutral,0.0
92,7,6,7,3,2,1,7,6,4.875,Medium,5.0,3.3333333333333335,neutral,0.0
68,5,5,8,8,7,6,10,4,6.625,High,5.666666666666667,6.0,neutral,0.0
746,10,5,6,7,1,1,6,1,4.625,Medium,5.333333333333333,3.0,neutral,0.0
741,7,9,7,3,10,8,10,5,7.375,High,8.666666666666666,5.333333333333333,positive,0.5
581,9,10,8,2,5,6,7,10,7.125,High,8.0,6.0,positive,0.5
677,9,6,6,9,1,10,7,1,6.125,High,5.333333333333333,6.666666666666667,neutral,0.0
442,7,8,5,10,8,3,6,4,6.375,High,7.666666666666667,5.666666666666667,neutral,0.0
749,9,9,5,2,9,1,10,1,5.75,Medium,9.0,1.3333333333333333,neutral,0.0
25,5,6,4,10,4,1,8,3,5.125,Medium,5.0,4.666666666666667,neutral,0.0
936,6,7,6,4,1,8,4,10,5.75,Medium,4.666666666666667,7.333333333333333,neutral,0.0
90,9,10,6,7,8,1,2,7,6.25,High,9.0,5.0,neutral,0.0
715,6,9,6,5,9,1,6,6,6.0,Medium,8.0,4.0,neutral,0.0
240,9,9,7,10,5,7,1,6,6.75,High,7.666666666666667,7.666666666666667,neutral,0.0
13,6,6,6,3,10,7,2,1,5.125,Medium,7.333333333333333,3.6666666666666665,neutral,0.0
126,7,4,6,4,1,5,2,1,3.75,Medium,4.0,3.3333333333333335,negative,-0.5
761,5,9,6,10,10,1,10,6,7.125,High,8.0,5.666666666666667,positive,0.5
302,8,4,6,7,1,4,1,8,4.875,Medium,4.333333333333333,6.333333333333333,neutral,0.0
650,8,4,7,9,10,2,8,3,6.375,High,7.333333333333333,4.666666666666667,neutral,0.0
365,10,5,5,3,5,2,3,5,4.75,Medium,6.666666666666667,3.3333333333333335,neutral,0.0
905,5,9,6,8,10,2,1,1,5.25,Medium,8.0,3.6666666666666665,neutral,0.0
415,9,3,5,1,8,9,9,2,5.75,Medium,6.666666666666667,4.0,neutral,0.0
397,10,7,8,6,6,6,2,6,6.375,High,7.666666666666667,6.0,neutral,0.0
435,9,9,7,4,1,1,7,5,5.375,Medium,6.333333333333333,3.3333333333333335,neutral,0.0
945,9,3,8,2,4,9,1,1,4.625,Medium,5.333333333333333,4.0,neutral,0.0
930,8,7,5,1,3,7,2,1,4.25,Medium,6.0,3.0,neutral,0.0
687,5,9,7,9,3,1,9,5,6.0,Medium,5.666666666666667,5.0,neutral,0.0
852,5,10,5,4,3,10,8,6,6.375,High,6.0,6.666666666666667,neutral,0.0
712,6,5,5,7,8,2,9,7,6.125,High,6.333333333333333,5.333333333333333,neutral,0.0
470,6,10,6,6,7,1,1,2,4.875,Medium,7.666666666666667,3.0,neutral,0.0
43,6,5,4,1,10,7,4,1,4.75,Medium,7.0,3.0,neutral,0.0
550,5,3,7,8,2,7,7,8,5.875,Medium,3.3333333333333335,7.666666666666667,neutral,0.0
844,8,6,4,1,1,8,10,9,5.875,Medium,5.0,6.0,neutral,0.0
150,6,5,8,5,2,10,1,6,5.375,Medium,4.333333333333333,7.0,neutral,0.0
168,6,3,8,2,8,10,7,3,5.875,Medium,5.666666666666667,5.0,neutral,0.0
519,8,7,7,6,10,10,4,3,6.875,High,8.333333333333334,6.333333333333333,neutral,0.0
531,9,8,7,6,3,8,3,7,6.375,High,6.666666666666667,7.0,neutral,0.0
643,9,7,7,7,2,4,3,7,5.75,Medium,6.0,6.0,neutral,0.0
428,6,9,4,4,8,6,2,5,5.5,Medium,7.666666666666667,5.0,neutral,0.0
659,9,4,8,10,6,6,3,8,6.75,High,6.333333333333333,8.0,neutral,0.0
766,10,2,4,3,4,6,9,4,5.25,Medium,5.333333333333333,4.333333333333333,neutral,0.0
732,9,2,6,9,4,2,10,10,6.5,High,5.0,7.0,neutral,0.0
916,10,4,7,3,10,10,7,8,7.375,High,8.0,7.0,positive,0.5
979,9,4,7,10,5,2,4,2,5.375,Medium,6.0,4.666666666666667,neutral,0.0
372,5,7,7,9,3,5,10,4,6.25,High,5.0,6.0,neutral,0.0
778,9,4,8,9,8,5,7,4,6.75,High,7.0,6.0,neutral,0.0
579,10,3,7,8,9,1,8,8,6.75,High,7.333333333333333,5.666666666666667,neutral,0.0
320,9,6,7,4,3,9,10,2,6.25,High,6.0,5.0,neutral,0.0
645,5,9,6,6,8,5,10,8,7.125,High,7.333333333333333,6.333333333333333,positive,0.5
5,6,7,4,2,3,8,10,7,5.875,Medium,5.333333333333333,5.666666666666667,neutral,0.0
294,7,5,4,1,6,2,9,6,5.0,Medium,6.0,3.0,neutral,0.0
117,8,2,5,10,5,4,3,2,4.875,Medium,5.0,5.333333333333333,neutral,0.0
555,9,2,8,7,2,1,3,10,5.25,Medium,4.333333333333333,6.0,neutral,0.0
29,6,9,5,1,6,10,4,5,5.75,Medium,7.0,5.333333333333333,neutral,0.0
259,8,3,8,9,7,4,10,7,7.0,High,6.0,6.666666666666667,positive,0.5
47,8,4,4,9,10,10,2,6,6.625,High,7.333333333333333,8.333333333333334,neutral,0.0
678,8,10,5,2,7,4,1,7,5.5,Medium,8.333333333333334,4.333333333333333,neutral,0.0
543,8,2,4,9,3,3,3,4,4.5,Medium,4.333333333333333,5.333333333333333,neutral,0.0
908,5,2,5,3,2,10,4,8,4.875,Medium,3.0,7.0,neutral,0.0
586,8,2,4,9,8,8,7,7,6.625,High,6.0,8.0,neutral,0.0
98,9,9,7,2,3,3,8,4,5.625,Medium,7.0,3.0,neutral,0.0
55,8,7,6,2,5,7,7,9,6.375,High,6.666666666666667,6.0,neutral,0.0
913,5,5,6,5,6,7,6,1,5.125,Medium,5.333333333333333,4.333333333333333,neutral,0.0
199,9,5,8,3,8,1,1,2,4.625,Medium,7.333333333333333,2.0,neutral,0.0
539,10,2,7,4,3,4,10,1,5.125,Medium,5.0,3.0,neutral,0.0
759,7,2,4,2,1,5,9,9,4.875,Medium,3.3333333333333335,5.333333333333333,neutral,0.0
